"index","product_id","rating","reviews"
"1","G27341","3.3","24"
"2","CM0081","2.6","37"
"3","B44832","4.1","35"
"4","D98205","3.5","72"
"5","B75586","1","45"
"6","CG4051","4.4","2"
"7","CM0080","2.8","7"
"8","B75990","4.5","16"
"9","EE5761","4","39"
"10","EE4553","2.7","36"
"11","EF9315","4.2","35"
"12","F35281","2.6","97"
"13","EF9220","3.1","62"
"14","EG0000","3.2","16"
"15","B44889","3.1","69"
"16","CL7417","1","16"
"17","CL7408","3.1","8"
"18","B43601","2.7","62"
"19","EE8245","3.8","67"
"20","EE8042","5","30"
"21","CL7429","3.7","43"
"22","CL7370","3.9","13"
"23","EE9946","4.4","81"
"24","CK9741","3.6","70"
"25","CL7363","2.7","46"
"26","CL7372","3.2","63"
"27","CL7430","4.9","95"
"28","F34485","5","15"
"29","CL7365","3.6","34"
"30","CL7373","2.2","86"
"31","CL7364","3.9","3"
"32","CL7374","3.4","67"
"33","EE8167","3.3","5"
"34","CL7410","4.8","85"
"35","CL7401","3.6","4"
"36","EE8219","4.1","35"
"37","CL7402","3.6","13"
"38","EE9929","2.5","20"
"39","EE8221","2.7","41"
"40","EE8224","2.5","72"
"41","EE9941","1.5","32"
"42","EE8522","2.6","84"
"43","EE9932","5","75"
"44","EE8375","4.5","4"
"45","EE9798","3.9","48"
"46","EE8502","3.2","12"
"47","EF0450","3.9","83"
"48","CL7375","2","11"
"49","EF0446","1","42"
"50","EF0529","3.3","69"
"51","EE9940","4.1","33"
"52","EE4954","4.4","35"
"54","CL4156","3.5","89"
"55","EE4893","4","47"
"56","EE9937","4.8","94"
"57","G27649","4.5","35"
"58","EE9797","4.7","39"
"59","CI9914","3.8","98"
"60","EE8252","1.5","6"
"61","CK9664","0","17"
"62","EE8501","4.8","77"
"63","CL7602","4.4","17"
"64","CL7494","3","28"
"65","EE7923","3.9","88"
"66","EE5566","4","23"
"67","CI1821","4.3","8"
"68","CJ0082","4.3","64"
"69","CJ8062","3.7","52"
"70","EE6038","4.3","70"
"71","CM0068","1.5","59"
"72","CK9830","2.8","14"
"73","CJ0080","5","2"
"74","EG4957","4.9","38"
"75","BD7438","4","85"
"76","B75579","4.3","6"
"77","CM0057","2.2","46"
"78","CL0206","3.7","9"
"79","CJ8058","2.7","87"
"80","BZ0086","2","28"
"81","CJ8117","4","87"
"82","CJ8073","2.5","66"
"83","CL7551","5","54"
"84","AC8122","4.2","66"
"85","CM8453","3.5","1"
"86","EE3625","0","94"
"87","CM0031","0","49"
"88","EE7697","3.5","6"
"89","F36159","2.4","99"
"90","F35028","0","67"
"91","AC7042","3.1","49"
"92","CJ8053","4.4","42"
"93","BC0836","3.4","90"
"94","F35275","3.8","88"
"95","CJ8115","3","44"
"96","CJ8089","3.5","74"
"97","EE6128","4.3","19"
"98","CJ8118","2.2","54"
"99","CL7328","3.5","79"
"100","CL7470","4","5"
"101","CL7541","3.8","96"
"102","CL9928","2.4","41"
"103","CM0045","3.8","8"
"104","CL7599","4.3","80"
"105","CM0069","3","22"
"107","CL7552","4.8","68"
"108","EE9816","4.4","3"
"109","CL7545","3.4","46"
"110","EE5060","3.5","50"
"111","F36718","3","75"
"112","CL9927","4.3","71"
"113","CL7285","1","48"
"114","CL7471","3.8","36"
"115","B96360","4.5","7"
"116","EE5778","2.6","69"
"117","EE4519","4.4","71"
"118","EE4504","2","65"
"119","EE4697","3.8","3"
"120","CM0044","4.7","74"
"121","EE6045","2","2"
"122","CG6091","3.7","84"
"123","G27834","3.6","34"
"124","CL7598","3.9","54"
"125","EE4709","2.8","49"
"126","EE4948","4.9","35"
"127","EE9671","2.4","48"
"128","EE7046","4.8","25"
"129","EF0451","4.6","51"
"130","EE4561","3.9","12"
"131","CL7601","3.7","51"
"132","CL7330","3.8","31"
"133","CM6625","4.8","41"
"134","FV3395","4.2","5"
"135","EF9317","3.7","78"
"136","EF4954","2.2","96"
"137","EE7104","3.9","26"
"138","FV4070","3.3","53"
"139","FV3918","4.3","78"
"140","EE5055","2","90"
"141","CM6626","4.8","96"
"142","CQ2030","4.7","82"
"143","EE5292","3.6","69"
"144","BD8041","2.8","21"
"145","B37719","2.7","88"
"146","EE4505","3.7","32"
"147","CM0072","3.2","20"
"148","EF0795","2.9","44"
"149","EE5875","1.5","69"
"150","EE4947","4.3","66"
"151","CM6627","3.4","65"
"152","CQ2039","5","56"
"153","CG6193","1","15"
"154","S82260","3.5","51"
"155","EE4945","3.4","84"
"156","EE7155","1","57"
"157","B44846","3.2","43"
"158","EE6044","4","83"
"160","EE7045","2.5","62"
"161","CL7646","2.8","49"
"162","CL7346","2.7","37"
"163","EE5777","2.8","38"
"164","AQ1210","2.9","88"
"165","EF5925","4.3","98"
"166","EE7032","3.6","93"
"167","EE7708","4.1","18"
"168","AQ1119","3.7","23"
"169","F34311","3.6","59"
"170","CL7645","4.6","90"
"171","EE5089","3.7","37"
"172","CL7565","3","47"
"173","G27727","4.6","46"
"174","B44697","0","85"
"175","CL7400","4.1","68"
"176","CL7437","4.4","74"
"177","CL7563","3.7","1"
"178","CL7460","2","48"
"179","CL7507","4.8","0"
"180","CM0061","2.7","14"
"181","F34308","4","69"
"182","CL7506","4.7","83"
"183","CL7344","2","86"
"184","EE5318","3.5","90"
"185","CL7564","4.6","58"
"186","CL7439","4.8","73"
"187","CL7345","2.8","11"
"188","CL7644","4.6","32"
"189","CL7438","2.7","78"
"190","CK9843","1.5","47"
"191","EE8738","4.4","81"
"192","CL7576","4","15"
"193","CL7482","4.2","98"
"194","EE6129","4","1"
"195","EG3290","2.9","51"
"196","CL7467","4.7","57"
"197","EF1426","3.2","50"
"198","CL7264","2.7","80"
"199","CL7472","4.5","75"
"200","CL7560","3.8","90"
"201","EE4574","4","68"
"202","CL7445","4.6","15"
"203","CL7404","3.8","64"
"204","CL7515","3.3","79"
"205","EE4763","4.1","70"
"206","CL7616","1","68"
"207","CL7591","4.4","23"
"208","CK9831","3.3","70"
"209","EF2508","4.9","42"
"210","CL7495","3.8","77"
"211","EE5592","4.1","52"
"213","EE5304","4.5","29"
"214","EE7242","4.5","93"
"215","CM0064","2.6","24"
"216","EE7885","2.2","1"
"217","CM0049","2.4","83"
"218","CL7548","3.9","68"
"219","CK1088","3.5","73"
"220","CL7263","3.6","50"
"221","CL7483","5","61"
"222","F34340","2.2","35"
"223","CL7590","4.4","98"
"224","CM0030","4","49"
"225","CL7468","1.5","50"
"226","EE8076","2.9","52"
"227","CM5955","3.4","91"
"228","B44870","4.7","51"
"229","CL7265","2.5","81"
"230","CL7484","3.7","48"
"231","CL7537","3.6","98"
"232","EE8088","4.2","9"
"233","CL7577","1.5","35"
"234","CM0058","4.3","78"
"235","EE7698","1","90"
"236","CM0009","4.8","15"
"237","EE7884","2.5","2"
"238","F36922","2.7","78"
"239","DB3114","1.5","47"
"240","F36217","4.7","24"
"241","EE8272","4.6","35"
"242","CL7538","3.1","73"
"243","EF0695","3.8","43"
"244","DB3599","4.4","35"
"245","CL7321","4.7","53"
"246","DB2117","4.9","83"
"247","EE4698","2.8","45"
"248","B28166","4.3","66"
"249","DB3259","4.9","75"
"250","EE5534","2","94"
"251","EF0811","3.3","6"
"252","CK9723","1","65"
"253","CL7322","4.5","36"
"254","CG6021","2.8","25"
"255","CG6188","3.3","8"
"256","BD7685","3.2","75"
"257","BD7475","4.3","94"
"258","EF9226","3.7","57"
"259","F34668","1","77"
"260","EE8257","3.2","26"
"261","B37973","4.1","37"
"262","EE7068","0","24"
"263","EH1363","2.4","6"
"264","EE5772","1.5","84"
"266","EF2437","2.2","25"
"267","CM0070","5","99"
"268","D96760","3.4","9"
"269","CM0077","3.5","35"
"270","CM0091","3","25"
"271","CL7550","1","13"
"272","F36675","4.7","45"
"273","EF1065","3.4","34"
"274","EH1361","2.2","13"
"275","CL0243","5","60"
"276","CG6177","3.9","91"
"277","FV3288","2.4","33"
"278","EE4949","2","39"
"279","BB2344","3.9","34"
"280","EE6080","1","67"
"281","EE6047","3.6","83"
"282","EF0078","2.2","49"
"283","EE5565","3.2","64"
"284","EF4965","4","18"
"285","EE4946","0","74"
"286","B37090","4.2","81"
"287","F36516","3.5","30"
"288","DB3112","3.4","64"
"289","EH1366","4.8","72"
"290","CG6164","3.3","87"
"291","EE4959","2.7","43"
"292","EF2438","3.7","15"
"293","F35567","2.8","81"
"294","EE8165","2.9","54"
"295","EE5846","5","15"
"296","F34846","0","17"
"297","B41663","3.2","30"
"298","CK9690","3.2","73"
"299","EE7927","2.2","27"
"300","CK9688","3.2","43"
"301","CK9424","3","49"
"302","CK9430","2.6","80"
"303","CG6228","3.1","65"
"304","DB3600","2.7","87"
"305","EE9892","3.5","43"
"306","CL7461","2.9","58"
"307","CK9678","1.5","0"
"308","CK9696","4.1","94"
"309","CK9695","2","52"
"310","CK9683","4.6","39"
"311","CK9692","3.8","21"
"312","EE7919","4.3","87"
"313","CL7517","2.7","42"
"314","CK9698","4.7","8"
"315","CK9418","2.7","74"
"316","EF0322","2.5","23"
"317","CK9427","5","59"
"319","EF0435","2.4","99"
"320","CJ8090","3.6","28"
"321","CL7542","2.7","97"
"322","CL7311","2.5","22"
"323","EE8028","3.6","15"
"324","CL7398","4.9","28"
"325","CL7306","4.1","70"
"326","CK9697","3.9","43"
"327","CI9915","3.4","65"
"328","CK9590","1","51"
"329","CL7458","4.1","89"
"330","CI9913","3.5","96"
"331","CL7459","4.3","74"
"332","CI9991","2.4","58"
"333","F36996","3.3","2"
"334","CJ7974","4.7","53"
"335","CL7588","3.4","8"
"336","CL7407","4.8","91"
"337","CL7406","0","85"
"338","CK9420","4.6","2"
"339","CL7389","3.5","40"
"340","CL7516","4.8","28"
"341","CI9989","2.2","18"
"342","CL7405","3.8","49"
"343","CL7473","3.5","3"
"344","CJ8110","2.5","7"
"345","CJ8019","4.6","53"
"346","CK9604","3.9","26"
"347","CK9431","1.5","49"
"348","EE7289","3.7","58"
"349","B75580","4.3","79"
"350","CK9432","2.5","17"
"351","EE4925","2.8","93"
"352","EE4953","2","32"
"353","CL7469","2","97"
"354","EF8858","1","29"
"355","EF9219","4.5","89"
"356","CL7513","2.7","62"
"357","EE7098","3.9","22"
"358","CL7425","4.9","85"
"359","CL7508","4","47"
"360","EE7292","4.2","38"
"361","CL7589","3","40"
"362","CJ8061","3.7","92"
"363","EE5847","4.7","20"
"364","CK9686","4.1","43"
"365","EE4567","4.4","85"
"366","EE5585","3.8","37"
"367","B96519","5","31"
"368","B96563","2.8","16"
"369","CL7547","4.7","42"
"370","EE4563","4.2","82"
"372","F36475","4.6","84"
"373","FV8794","5","44"
"374","EE5177","3","76"
"375","CL7582","3.8","12"
"376","F36339","4.1","39"
"377","EF1963","2.2","12"
"378","F34442","4.1","26"
"379","EE9933","4.2","89"
"380","EE6090","2.4","16"
"381","B75583","4.5","76"
"382","EE7922","4.6","93"
"383","EE5081","2.9","51"
"384","EE4678","4.1","34"
"385","CM0076","4.4","39"
"386","B28156","4.9","54"
"387","EF0527","4.1","81"
"388","EE4566","3.3","60"
"389","EE8302","4.2","19"
"390","CM0075","3.4","57"
"391","EF0152","2.2","16"
"392","CM0093","3.7","2"
"393","F36218","4.5","39"
"394","CM0083","4","58"
"395","CM0078","3","38"
"396","CM0079","2.9","64"
"397","CM0074","4.2","22"
"398","CM0073","4.4","93"
"399","CM0092","2.6","54"
"400","EG8672","0","27"
"401","EG8480","4.4","80"
"402","EG3148","4","9"
"403","CM0082","3.6","29"
"404","EG3185","4.7","31"
"405","EG4006","3.9","1"
"406","EG4007","3.2","94"
"407","EH1178","4.3","65"
"408","EG4316","3.4","6"
"409","EG3253","2.5","67"
"410","EG4314","3.8","36"
"411","EH1379","4.9","45"
"412","EH2586","0","4"
"413","EG3698","2.7","11"
"414","EH0165","2.8","35"
"415","EH1211","3.2","85"
"416","CK9665","4.9","72"
"417","CK9663","1.5","74"
"418","EG3953","2.9","77"
"419","EG4176","3.9","14"
"420","CI9916","0","84"
"421","EG4175","3","94"
"422","EG4004","2.5","17"
"423","CJ8068","2.6","60"
"425","EE9731","2.9","99"
"426","CK9591","2.4","35"
"427","CK9648","4.6","36"
"428","CK9602","2.9","37"
"429","F34491","3","59"
"430","CK9693","4.6","88"
"431","CJ8013","4","77"
"432","CL7567","3.8","31"
"433","CK9694","4.5","63"
"434","CL7604","2.8","34"
"435","CL7488","4.9","73"
"436","CK9436","1","41"
"437","CK9592","1.5","2"
"438","CL7366","4.2","84"
"439","CK9661","2.6","70"
"440","CK9650","2.6","47"
"441","CL7415","4.3","94"
"442","CL7626","3.7","48"
"443","CJ7990","4.6","30"
"444","CL7534","4.5","98"
"445","CL7413","3.8","4"
"446","CK9500","5","31"
"447","CL7369","4.1","79"
"448","EE8156","4.1","96"
"449","CL7607","3.2","21"
"450","CL7385","4.5","16"
"451","EE9856","4.3","81"
"452","EE8260","4.4","36"
"453","EE8448","2.8","95"
"454","EE8181","3.2","28"
"455","CK9682","3.3","22"
"456","CL7377","4.5","82"
"457","CL7605","2.5","7"
"458","EE9734","4.7","32"
"459","EF1053","4.2","70"
"460","EE7925","2.4","22"
"461","CL7614","2.8","46"
"462","EE9847","3.5","21"
"463","EG3289","2.8","34"
"464","CL7615","4.7","86"
"465","CL7276","4.9","1"
"466","CL7453","4","20"
"467","CL7329","4.2","1"
"468","CL7387","4.4","25"
"469","CM4762","2.4","37"
"470","CM4984","3.7","95"
"471","CM4691","3.4","53"
"472","CM4826","4.1","49"
"473","CM0015","4.1","79"
"474","EE8603","2.9","90"
"475","CL7496","4.2","84"
"476","EE8444","3.3","19"
"478","CM0014","4.5","0"
"479","CM4737","2.5","4"
"480","EF0440","3.7","63"
"481","EE9748","3.9","43"
"482","EG4223","3.1","21"
"483","CM0013","3.9","35"
"484","B44880","2.7","23"
"485","F34876","1","40"
"486","EE8836","0","14"
"487","EF0523","2","95"
"488","EH1858","3.6","20"
"489","EG3821","3.5","21"
"490","EF4458","3.2","88"
"491","EG3291","4.3","82"
"492","EF5928","2.2","99"
"493","EH1859","4.1","53"
"494","CM4828","4.7","15"
"495","EG3295","3.4","35"
"496","CM4985","2.8","57"
"497","CM4964","2.8","8"
"498","CM4690","4.9","26"
"499","EF4970","3.1","24"
"500","CM0010","5","75"
"501","EF6877","2.4","17"
"502","FW6635","3.2","34"
"503","CM4760","4.8","62"
"504","DB3258","3.5","38"
"505","EF4375","2.5","17"
"506","EE7159","4.4","33"
"507","CM4983","4.2","80"
"508","EE8925","4.1","45"
"509","G27722","3.1","72"
"510","EG2012","4.2","13"
"511","EG9825","0","48"
"512","EF4966","4.6","71"
"513","EH1389","3.1","46"
"514","EG9824","3.2","86"
"515","EF6058","3.5","89"
"516","EF6508","4.9","34"
"517","EG5475","1","93"
"518","EF5320","2.8","88"
"519","EF5642","4.8","7"
"520","EE7160","4.5","90"
"521","EF5547","2.9","88"
"522","EG7753","2.7","16"
"523","EF5549","5","79"
"524","EF5314","4.1","10"
"525","EF4933","2.9","24"
"526","EG9829","4.3","12"
"527","EG7876","4.7","94"
"528","EF4935","4.4","84"
"529","EF4983","4.8","13"
"531","EF4374","4.2","93"
"532","EH3522","5","43"
"533","EG0576","2","67"
"534","EF6507","4.9","3"
"535","EF5386","5","73"
"536","CL7520","2.8","91"
"537","EG0578","2.9","53"
"538","EG6920","4.7","29"
"539","EG6846","4.1","28"
"540","EE9854","2.2","60"
"541","CL7456","4.6","36"
"542","EE9733","1.5","41"
"543","CL7333","4.3","70"
"544","EE9729","4.9","88"
"545","EG6845","4.8","77"
"546","EE8202","4.7","95"
"547","CL7361","5","18"
"548","EE8265","2","25"
"549","EE8604","3.2","77"
"550","EF1052","4.7","68"
"551","EF1051","2.2","53"
"552","EE9732","3.6","63"
"553","EF0433","4.3","34"
"554","EE9895","4.9","87"
"555","EE8128","4.5","42"
"556","EE7928","1","78"
"557","EE9266","4.8","8"
"558","CL9915","4.6","23"
"559","CL7533","3.1","85"
"560","CM0012","2.4","99"
"561","CM0032","2.7","72"
"562","EE8200","4.4","69"
"563","CL7332","1.5","85"
"564","F37008","5","30"
"565","EE9728","3.7","0"
"566","B75581","2.6","88"
"567","F34851","2","74"
"568","EF0434","4.9","24"
"569","CM0008","3.5","95"
"570","CL7487","2.7","39"
"571","EE8212","4.5","28"
"572","CL7465","3.4","11"
"573","EE9758","3.5","34"
"574","CL7334","3.6","91"
"575","EE9735","3.1","42"
"576","CL9925","2.5","81"
"577","F34820","3.8","59"
"578","CM0023","1","27"
"579","EF0584","3.5","6"
"580","CL7307","2.6","47"
"581","BB7066","2.9","38"
"582","CM0033","2.5","83"
"584","CL9962","3.1","98"
"585","CK9685","3.5","56"
"586","CJ7959","3.8","62"
"587","CL7546","4.4","15"
"588","CL7286","3.5","72"
"589","CJ8018","4.6","7"
"590","CK9447","4.9","35"
"591","B96555","4.3","21"
"592","G28939","3.1","48"
"593","FV3428","4.4","40"
"594","FV3289","4.8","24"
"595","CK9528","5","65"
"596","CK9603","1","44"
"597","CL7566","2.9","75"
"598","FV3671","4.9","87"
"599","FV3335","3.3","11"
"600","FV3675","3.7","2"
"601","EG8690","4.2","64"
"602","F36642","3","56"
"603","CG4045","2.6","57"
"604","CL7633","4.4","3"
"605","FV3334","2.9","74"
"606","FV3361","3.8","86"
"607","EG5345","4.9","58"
"608","FV3353","4.2","54"
"609","FV3187","3.5","28"
"610","FV3631","1.5","14"
"611","FU7134","2.8","69"
"612","FV3374","4.1","78"
"613","FV3336","3.4","37"
"614","FU9352","2.7","80"
"615","FV3327","3.4","28"
"616","FU9350","3.2","1"
"617","FW1646","2.2","75"
"618","FV3186","0","76"
"619","FV3294","4","39"
"620","FW9618","4.3","80"
"621","FV3352","4.1","82"
"622","FW1647","1","53"
"623","FW8423","3.7","69"
"624","EE6822","4.6","58"
"625","FV3290","4.1","91"
"626","FV3305","1","75"
"627","EE8081","3.2","97"
"628","B37680","4","14"
"629","CG6270","3.2","31"
"630","CQ2031","2.7","11"
"631","CG6037","4.8","17"
"632","EF3539","2.5","29"
"633","EE4919","4.2","38"
"634","FU9349","4","48"
"635","CL9960","3.3","25"
"637","CL9968","4.9","0"
"638","F33805","2.9","5"
"639","EE6031","2.2","6"
"640","BC0033","4.9","30"
"641","EE7030","4.5","28"
"642","EE4923","4.7","40"
"643","EE6089","4.1","25"
"644","EE6108","4.8","65"
"645","CQ2460","3.5","91"
"646","B37681","3","87"
"647","CQ2035","4.9","39"
"648","CG6618","2.7","41"
"649","FV3667","0","39"
"650","CQ2044","2.9","80"
"651","FW9617","2.8","12"
"652","CM4692","4","0"
"653","B44619","4.2","56"
"654","CP9514","2.4","87"
"655","FV6058","4.2","65"
"656","G27720","4.2","25"
"657","CQ2333","3.6","27"
"658","FV6057","3.9","98"
"659","FV6056","4.3","66"
"660","EE5521","0","41"
"661","B37974","4","83"
"662","BD7575","2","86"
"663","EE7026","3.2","50"
"664","EE6256","4.6","69"
"665","CM4548","2.4","51"
"666","G54050","4.3","67"
"667","CI1741","2.9","99"
"668","EE6660","2.6","14"
"669","EE7243","1","10"
"670","EE6668","2.9","4"
"671","EE5086","4.4","82"
"672","CM0027","4.9","7"
"673","EF8973","0","57"
"674","G28940","3.6","70"
"675","CJ8059","4","57"
"676","CI9941","2.8","58"
"677","CL4158","2","76"
"678","BB3293","4.6","82"
"679","EE5640","4.1","10"
"680","CM0063","3.6","52"
"681","CL9946","0","33"
"682","CM0071","4.5","65"
"683","CM0051","5","1"
"684","CM0087","2","30"
"685","CM0048","4.8","95"
"686","CM0062","3.7","30"
"687","G28449","4.2","47"
"688","CM0086","2.4","72"
"690","CM0067","2.8","17"
"691","CL7559","4.6","66"
"692","CJ7994","2","62"
"693","CM0059","4.1","6"
"694","CL7462","2.4","57"
"695","CK9680","2.5","68"
"696","CM0024","3.7","61"
"697","CL9924","4.3","91"
"698","F34564","4.3","59"
"699","CJ7972","3.6","70"
"700","CL7283","3.2","82"
"701","CK9465","3.6","47"
"702","EE9514","1.5","83"
"703","CM0047","4.9","45"
"704","G27026","2.4","31"
"705","F36338","3.7","71"
"706","CJ8077","3.9","49"
"707","CM0028","1.5","44"
"708","CL9939","4.3","28"
"709","CM0056","2.6","31"
"710","CL9916","5","71"
"711","CL9950","1","16"
"712","EE9973","4.7","81"
"713","CL7359","4.9","24"
"714","BB7614","4.2","34"
"715","CL9965","2.9","2"
"716","CQ1176","4.5","81"
"717","CL9913","4.4","59"
"718","EE8115","2.5","12"
"719","EE7497","5","67"
"720","F97209","2.4","82"
"721","EE8114","3.9","1"
"722","CM0046","2.2","84"
"723","EF0133","4.6","99"
"724","EE9969","2.8","74"
"725","EG8062","1","45"
"726","EE9867","1","14"
"727","EE6187","4","6"
"728","EF1037","4.7","24"
"729","EE9833","2.8","69"
"730","EE9835","2.5","1"
"731","B96508","5","92"
"732","AQ1136","3.4","65"
"733","CQ2029","2.8","53"
"734","EE9862","0","30"
"735","EE8325","2.8","47"
"736","BY2976","4.1","26"
"737","EE9970","5","3"
"738","EE9840","4.6","33"
"739","EF0130","2.7","64"
"740","F34882","3.9","40"
"741","CQ2042","4.4","53"
"743","EF0135","4.5","12"
"744","AQ1141","2.8","68"
"745","BD8017","3.8","2"
"746","EF1036","4.6","87"
"747","FV3914","2.4","84"
"748","B28041","4.9","51"
"749","B37534","4.9","81"
"750","EF1899","3.5","54"
"751","EE5615","3.6","85"
"752","CQ2034","3.9","15"
"753","EF4457","3.9","52"
"754","CQ2530","0","54"
"755","EE8220","3.7","53"
"756","EE5182","2.2","57"
"757","AW4212","3.1","48"
"758","CG6025","0","85"
"759","EE5175","4","69"
"760","CG6142","4.2","45"
"761","EE5917","1","79"
"762","EE5567","3.8","81"
"763","DA8966","4.1","22"
"764","EE4679","2.9","17"
"765","F34751","3.7","67"
"766","EE4682","4.4","91"
"767","F36389","2.5","14"
"768","CK9720","4.6","61"
"769","CG3527","4.3","19"
"770","EF3533","3.1","23"
"771","CK9728","1","85"
"772","BB7218","3.7","93"
"773","BB2270","2.2","78"
"774","BB7235","2.4","51"
"775","BB7231","3.3","15"
"776","BB7219","4.7","54"
"777","CL4155","4.2","10"
"778","EE5876","3.9","4"
"779","EE5303","3.4","27"
"780","EE4938","2.5","91"
"781","EE5179","4.8","83"
"782","BZ0632","4.5","76"
"783","CM4550","2.6","3"
"784","CL9934","2.6","43"
"785","CL7379","0","84"
"786","CL9919","3","88"
"787","G27860","4.1","95"
"788","CJ3412","3.9","10"
"789","CL7631","4.2","92"
"790","CL7273","3.8","3"
"791","CL7630","3","44"
"792","EE9848","4.1","10"
"793","CL7617","3.5","42"
"794","BB9775","4.6","1"
"796","B37343","2.4","52"
"797","G28225","4","19"
"798","DB3539","3.7","88"
"799","G26777","2.4","26"
"800","CJ0081","4.1","11"
"801","EE8333","2.9","61"
"802","CQ1175","4.6","33"
"803","DA9306","1","42"
"804","F36163","4.2","32"
"805","CL7411","2.8","55"
"806","CL7444","3.7","20"
"807","EE7879","2","16"
"808","EE9676","4.5","55"
"809","EE7600","2.4","42"
"810","EF0128","4.5","74"
"811","EG3489","4","46"
"812","CM4733","4.8","57"
"813","CM0025","2.6","69"
"814","CM4734","2.2","33"
"815","CM4736","4.3","31"
"816","CM4865","2.8","78"
"817","CM4909","4.3","21"
"818","CM4664","4.1","22"
"819","CM4798","4.1","95"
"820","CM4972","4.9","62"
"821","EG8063","2.7","25"
"822","CM4799","3.3","40"
"823","CM4665","2.6","5"
"824","CM4908","4.9","98"
"825","CM4666","4.4","5"
"826","CM4973","3.8","44"
"827","CM4632","2","40"
"828","CM4647","2.2","72"
"829","CM4868","2.4","30"
"830","CM4646","2.4","58"
"831","CM4718","4.6","85"
"832","CM4693","4.2","40"
"833","CM4904","2.4","90"
"834","CM4774","2.6","34"
"835","CM4617","3.4","53"
"836","CM4935","3.5","21"
"837","CM4755","3.7","86"
"838","EF1224","2.6","55"
"839","D96450","3.3","21"
"840","CM4618","0","59"
"841","AQ0886","2.7","41"
"842","B28068","5","61"
"843","CQ2618","5","47"
"844","CM4694","4.4","89"
"845","FV4049","4.7","93"
"846","G27721","4.6","66"
"847","BD7791","2","68"
"849","FV4329","4.4","29"
"850","FV4057","4.7","67"
"851","FV4044","3.4","93"
"852","FV4325","4.7","70"
"853","FV4331","1","27"
"854","FV4359","4.8","17"
"855","FV4319","2.2","5"
"856","FV3700","3.1","84"
"857","FV4318","3.3","74"
"858","CG6130","3.3","1"
"859","CG4050","0","37"
"860","FV4330","3","10"
"861","FV4317","4.8","52"
"862","DB0444","4.8","75"
"863","F36255","3.7","66"
"864","B96474","5","27"
"865","B37530","3.7","96"
"866","B37528","3.9","95"
"867","FV4350","4.4","40"
"868","B44830","4.7","87"
"869","B37942","4.9","7"
"870","B96551","3.6","87"
"871","B43884","3.2","2"
"872","B75587","4.2","20"
"873","F36513","3.8","55"
"874","F34341","3.8","28"
"875","D96552","1","78"
"876","D98204","2.6","55"
"877","G26782","3.9","30"
"878","EE4950","1","95"
"879","EE5018","3.3","74"
"880","EE5907","3.9","58"
"881","BY9250","4.4","2"
"882","BB2042","2.7","68"
"883","EF0321","3.8","91"
"884","BB2278","3","61"
"885","EE4926","4.6","24"
"886","EE4918","4.7","73"
"887","EE4928","3.8","98"
"888","EE8218","3","67"
"889","EE5150","2.7","34"
"890","B22706","4","81"
"891","CQ2740","4.7","3"
"892","CQ2105","3.8","89"
"893","CQ2106","1","60"
"894","EF3534","4.7","78"
"895","CQ3012","2.2","92"
"896","DB3277","4.2","78"
"897","CQ2032","2.9","73"
"898","BB6708","2.6","9"
"899","CM4937","2.5","68"
"900","CM4756","3.2","62"
"902","CG6048","2","53"
"903","CG5673","3.9","13"
"904","EE9726","2.5","6"
"905","EF1421","4.4","13"
"906","EF0786","1.5","78"
"907","EE9722","4.3","77"
"908","EF1424","2.9","73"
"909","G27273","2.8","38"
"910","EF0812","2.8","14"
"911","G28062","3.4","62"
"912","EF0789","3.5","9"
"913","EF0787","5","33"
"914","G26994","2.8","83"
"915","F34099","5","20"
"916","EF1581","1","77"
"917","G28058","4.8","21"
"918","G27403","4.9","51"
"919","G26939","3.1","15"
"920","G28202","3.1","4"
"921","EF1164","2.4","18"
"922","EF8904","4.7","50"
"923","G28450","2.6","98"
"924","CM4759","3.6","71"
"925","EF8903","3.3","27"
"926","F35445","3.1","64"
"927","B75807","2.6","19"
"928","CJ0079","3.1","17"
"929","CM0084","2.4","64"
"930","EE5358","3.1","65"
"931","B96556","4.3","26"
"932","CM0035","2.4","72"
"933","EE4572","4.1","0"
"934","CL7309","2.4","96"
"935","CL7610","4.8","64"
"936","B37616","2.9","46"
"937","FV3032","3.6","47"
"938","BD7597","2.4","58"
"939","BZ0085","3.8","83"
"940","EE5083","4.9","22"
"941","CL7561","3","66"
"942","F97208","4.7","72"
"943","EE5404","2.9","94"
"944","CL9998","3.2","51"
"945","EE8373","5","40"
"946","F36418","2.9","45"
"947","CL9921","3","59"
"948","F35499","3.8","68"
"949","EE5641","4.4","34"
"950","F34983","3.3","69"
"951","F36985","5","15"
"952","B79771","5","65"
"953","CJ7956","3.7","72"
"955","CJ7995","4.1","83"
"956","F36467","4.5","83"
"957","CG4048","2.6","53"
"958","F34437","4.1","13"
"959","CG6205","4.2","25"
"960","EG8695","4.5","44"
"961","B41939","4.9","85"
"962","CG6199","2","83"
"963","B37720","3.8","24"
"964","AQ1087","1","70"
"965","B37759","1","30"
"966","AQ1027","3.2","17"
"967","B37990","3.8","29"
"968","B37651","3.8","51"
"969","B28164","4.9","92"
"970","B28163","2.7","34"
"971","B37983","4.9","77"
"972","DB2689","4.3","50"
"973","CG6056","4.4","20"
"974","CG6460","2.5","2"
"975","CG6108","4.8","19"
"976","BD8024","2.2","98"
"977","D96444","2.6","10"
"978","BD8007","2.6","4"
"979","CG6065","2.5","74"
"980","G27719","2.2","90"
"981","CG6187","4.1","55"
"982","G27648","5","14"
"983","EE8279","2.4","39"
"984","EE8247","4.9","34"
"985","EE8612","3.6","37"
"986","CQ1068","4.8","63"
"987","B37635","3.4","71"
"988","DB3065","3.2","48"
"989","CQ1092","4.8","24"
"990","DB3083","2.5","82"
"991","CG6222","0","64"
"992","DB3078","4","7"
"993","DB2707","3.9","52"
"994","D96553","3.5","0"
"995","EF0580","3.2","73"
"996","EF0581","3.5","46"
"997","G25848","4.2","86"
"998","EE9745","2.6","85"
"999","EE7899","2.5","43"
"1000","G28386","2.7","83"
"1001","EE6784","1.5","18"
"1002","DB3349","4.8","93"
"1003","EE6816","3.4","23"
"1004","DB3401","2.8","8"
"1005","EG1865","3.4","20"
"1006","EG2037","2.2","48"
"1008","CM6057","3.9","37"
"1009","EG2035","4.8","9"
"1010","EE5614","2.6","20"
"1011","EF9225","3.3","60"
"1012","EE5174","3.8","95"
"1013","CM6058","0","8"
"1014","EE5915","4.4","87"
"1015","BY2949","3.6","63"
"1016","EE5933","4.9","90"
"1017","F34865","2.6","35"
"1018","S80662","2","28"
"1019","CM6059","4.6","17"
"1020","CJ8016","4.2","33"
"1021","CL7428","4.6","51"
"1022","EE4843","2.4","2"
"1023","CK9670","3.1","48"
"1024","EE7740","4.8","38"
"1025","EE8969","3.3","38"
"1026","BZ0087","2","62"
"1027","F36256","2.2","80"
"1028","EE5362","3.9","83"
"1029","F35762","2.4","92"
"1030","EE5837","3.6","83"
"1031","EE4576","0","52"
"1032","EE6991","4.4","47"
"1033","EE6012","4.7","5"
"1034","EE4470","3","79"
"1035","EE6327","4","75"
"1036","AQ8530","3.3","71"
"1037","CI9990","3.5","62"
"1038","EE7064","3.1","28"
"1039","F36417","5","96"
"1040","EE4808","3.8","8"
"1041","F36431","3.2","38"
"1042","B44669","2.9","1"
"1043","B43745","4.8","36"
"1044","CJ8021","2.8","74"
"1045","CM4549","4.6","37"
"1046","EE8374","4","22"
"1047","CL4154","2","26"
"1048","CL7609","4.5","20"
"1049","CK9456","5","89"
"1050","EG4372","4","57"
"1051","CJ8987","4.5","32"
"1052","EG4303","3.5","32"
"1053","BB7616","5","24"
"1054","EE5603","2.4","85"
"1055","EE8970","3.8","8"
"1056","CJ8113","5","26"
"1057","CL7463","4.9","77"
"1058","F97210","4.4","2"
"1059","B44732","3.4","86"
"1061","EE6807","2.6","29"
"1062","F35515","3.1","34"
"1063","F35615","3.8","39"
"1064","CK9466","2.8","16"
"1065","F36650","3.3","18"
"1066","BC1040","3.4","64"
"1067","EF0810","3.4","53"
"1068","CL9963","4.9","40"
"1069","BB6917","4.3","81"
"1070","CL9938","1.5","64"
"1071","CL9997","4.8","91"
"1072","CL7642","3.9","40"
"1073","F35040","4.1","99"
"1074","CJ8017","4.3","19"
"1075","EE9727","3.5","4"
"1076","CJ8012","0","59"
"1077","CL7632","4.7","67"
"1078","CL7486","2.7","91"
"1079","BZ0631","2","30"
"1080","D98056","3.7","86"
"1081","CM4824","3","71"
"1082","CM4825","4.6","9"
"1083","B43753","4.7","64"
"1084","FV4349","2.8","39"
"1085","F36517","2.6","20"
"1086","EE8131","2","11"
"1087","EE9737","4.2","10"
"1088","EF1060","4.9","23"
"1089","EE9938","4.6","76"
"1090","EE8353","2.5","8"
"1091","EF0452","3.8","72"
"1092","EE5170","4.1","31"
"1093","EE5153","4","54"
"1094","EE4842","3.1","57"
"1095","EE4958","4.1","85"
"1096","EE4922","2.9","8"
"1097","EE6046","4.7","77"
"1098","EE6130","3.6","1"
"1099","EF3523","2.6","13"
"1100","EF3535","4.5","48"
"1101","FW2818","1","17"
"1102","EE5535","0","19"
"1103","EF3531","4.3","67"
"1104","B22713","4.5","89"
"1105","FW2803","2.6","6"
"1106","FW2848","4.7","42"
"1107","EG8544","2.6","69"
"1108","EF4393","4.8","36"
"1109","EG4588","5","17"
"1110","EF4398","4.8","37"
"1111","AC8765","3.1","19"
"1112","B37361","0","4"
"1114","B41727","3.5","65"
"1115","B96511","3.3","37"
"1116","B37657","2.9","14"
"1117","AQ1138","4.4","67"
"1118","B37068","5","17"
"1119","DB2680","4.7","97"
"1120","B28123","3.2","57"
"1121","AQ1134","3.6","0"
"1122","EE5562","3.9","15"
"1123","EE5934","3.1","57"
"1124","EE5104","3","46"
"1125","BB1702","4.8","62"
"1126","EE7031","4.2","2"
"1127","DB2119","3.4","65"
"1128","F36599","2.5","6"
"1129","EE5171","4.1","96"
"1130","DA9604","2","37"
"1131","BB6709","4.2","86"
"1132","B96517","2.4","28"
"1133","CQ1971","2","89"
"1134","B96520","2.2","99"
"1135","DB1763","4.2","6"
"1136","B96554","2.4","88"
"1137","AQ1111","3.3","4"
"1138","CK9475","2.9","61"
"1139","F36166","5","40"
"1140","CG7112","4.2","49"
"1141","CL7427","3.2","64"
"1142","CQ1968","3.7","59"
"1143","B37600","2.6","52"
"1144","CL7335","2.8","35"
"1145","F34094","5","59"
"1146","EF0785","2.4","50"
"1147","CK9572","4.4","83"
"1148","EF0788","3","73"
"1149","EE6331","4","99"
"1150","EE7245","4.5","15"
"1151","EE4771","1.5","53"
"1152","F34098","2.8","32"
"1153","CL9956","3.5","71"
"1154","G28059","4.1","41"
"1155","CL9942","3.1","22"
"1156","F33908","4","20"
"1157","G28060","3.6","85"
"1158","DB3144","3.2","54"
"1159","CI9935","5","1"
"1160","F36664","4.1","56"
"1161","DB1755","3.8","3"
"1162","F36173","4","61"
"1163","EE8134","1.5","43"
"1164","F35613","4.6","44"
"1165","CK9557","4.5","45"
"1167","CK9476","2.5","78"
"1168","CK9649","4.3","50"
"1169","DA8929","4.8","18"
"1170","CK9483","2.7","25"
"1171","CL9926","1.5","98"
"1172","FV8786","4","53"
"1173","CL9943","2.9","55"
"1174","BB9774","4","45"
"1175","EE8007","4.1","19"
"1176","F36201","4.2","52"
"1177","FV8790","1","13"
"1178","F36331","3.6","55"
"1179","AQ0919","3.7","28"
"1180","CJ8146","3.4","13"
"1181","B43732","2","54"
"1182","B44849","3.2","45"
"1183","B37783","4.9","76"
"1184","B96578","0","73"
"1185","F37006","2.5","47"
"1186","CJ8041","2.7","93"
"1187","CG6131","1.5","69"
"1188","CG6113","2.9","65"
"1189","G28971","4","38"
"1190","B37469","3.7","62"
"1191","CG6112","2.8","6"
"1192","F34625","0","89"
"1193","EE9844","4.7","6"
"1194","EE8269","4.5","10"
"1195","EE9843","4.7","9"
"1196","EE9852","4.3","8"
"1197","CG6066","3.6","66"
"1198","EE8136","3.8","32"
"1199","G27645","4.7","16"
"1200","CL9961","3.2","49"
"1201","FV3699","5","64"
"1202","CI2606","2.9","0"
"1203","EE7359","2.5","46"
"1204","CK9658","4.4","88"
"1205","EF0417","3.2","52"
"1206","EF0436","4.5","46"
"1207","EG3102","3.5","93"
"1208","EE4951","3.5","4"
"1209","FW2846","4.3","24"
"1210","FW2895","4.1","74"
"1211","EE4562","3.2","72"
"1212","EE5540","2.7","62"
"1213","EG8688","4.8","97"
"1214","EG8685","2.8","56"
"1215","EE7033","3.1","36"
"1216","DB3109","2.8","44"
"1217","DB3244","3.1","10"
"1218","DB0126","2.7","48"
"1220","CG4708","3.2","83"
"1221","DB3241","4.9","15"
"1222","F36476","4.5","69"
"1223","F36225","2.4","17"
"1224","F37047","4.9","23"
"1225","B44728","3.3","30"
"1226","BB7317","2.9","12"
"1227","F35036","4","84"
"1228","AQ0055","1","42"
"1229","F34440","4.2","76"
"1230","B96561","4.6","72"
"1231","B96339","3.1","89"
"1232","D97112","2.8","53"
"1233","F36651","1.5","66"
"1234","F36308","4.7","24"
"1235","F35050","5","10"
"1236","EE7482","2.8","1"
"1237","EE7502","4","60"
"1238","F36669","4.5","47"
"1239","F37079","2.7","98"
"1240","EE8133","3.8","35"
"1241","G28914","3.5","50"
"1242","EE8197","2.4","47"
"1243","EE7511","4.1","67"
"1244","EG4103","3.5","59"
"1245","EH2549","2.7","54"
"1246","EG5006","3.8","25"
"1247","EH2201","4.4","92"
"1248","EH2531","3.1","53"
"1249","EG4273","4.1","57"
"1250","EG5005","4.1","22"
"1251","EG4275","3.8","22"
"1252","EE5906","1","76"
"1253","EE5106","1.5","85"
"1254","EE5181","4.7","60"
"1255","EG3238","4","61"
"1256","EE5864","2.6","68"
"1257","EG1902","3","63"
"1258","EH2552","3","34"
"1259","EG8587","5","58"
"1260","EG3705","4.5","61"
"1261","EG3173","3.3","57"
"1262","EG3693","3.9","41"
"1263","EG3691","3.2","82"
"1264","CL0244","4.2","84"
"1265","CJ0874","3.8","75"
"1266","F35030","4.4","83"
"1267","EG3666","2.9","12"
"1268","EH1856","3.7","8"
"1269","CL0211","4.2","69"
"1270","EG3491","2.2","61"
"1271","B23738","4.8","31"
"1273","EG3282","2.5","73"
"1274","EH1855","3.1","99"
"1275","B22705","0","26"
"1276","EE6743","3","63"
"1277","EE6122","3.9","5"
"1278","EE6121","2.8","1"
"1279","CM4981","3","24"
"1280","CM4658","4.4","47"
"1281","EG3283","3.4","33"
"1282","CM4659","2.6","61"
"1283","F36671","4.4","0"
"1284","AW4209","4","50"
"1285","G25877","3.9","20"
"1286","CM4855","4.3","70"
"1287","EE8452","4.9","98"
"1288","CM4813","4.7","88"
"1289","EE8351","4.2","51"
"1290","G28329","2","69"
"1291","CM4857","3.6","39"
"1292","CM4900","3.1","16"
"1293","CM4899","4.6","94"
"1294","CM4901","4.1","80"
"1295","CM4830","4.6","26"
"1296","EF0778","2","62"
"1297","EF0780","2.7","91"
"1298","G27270","4.4","93"
"1299","EF1233","4.2","92"
"1300","CM4878","3","7"
"1301","CM4877","4.1","88"
"1302","G27272","3.2","32"
"1303","CM4862","4.5","28"
"1304","CM4979","2.8","59"
"1305","EF1416","4.9","21"
"1306","EE7897","3","67"
"1307","CM4884","2.9","9"
"1308","G28373","3.5","22"
"1309","CM4842","2.5","0"
"1310","EF0822","4.6","26"
"1311","CM4860","4.9","13"
"1312","CM4929","0","93"
"1313","G28560","2.2","72"
"1314","AQ8528","3","75"
"1315","G28208","2.9","67"
"1316","BB5476","4.8","67"
"1317","CQ2405","2.7","31"
"1318","G28209","3","65"
"1319","CL7580","1.5","79"
"1320","B43687","3.5","23"
"1321","B41645","3.3","58"
"1322","BY2120","4.1","91"
"1323","B24105","2.2","97"
"1324","B96568","4.2","22"
"1326","FV7826","2.4","86"
"1327","F35580","4.6","17"
"1328","FV7825","0","7"
"1329","G27707","3","48"
"1330","EE8498","2.7","73"
"1331","FV4631","3","25"
"1332","EE4465","2.9","98"
"1333","EE8138","3","15"
"1334","FV4419","3.1","37"
"1335","G28116","2.4","74"
"1336","B42315","3","10"
"1337","EE9574","4.3","5"
"1338","EG4960","3.2","96"
"1339","EE6803","2.5","90"
"1340","EF5506","3.2","91"
"1341","G28428","3.6","55"
"1342","EF5440","2","54"
"1343","FV4190","4.7","97"
"1344","EH0025","3.7","87"
"1345","G28331","2","38"
"1346","G25878","4.2","41"
"1347","EE6802","2.5","83"
"1348","B42314","2.4","37"
"1349","CL9955","3.5","32"
"1350","G28336","5","24"
"1351","G54014","4.7","91"
"1352","FV2806","4.4","42"
"1353","FV3021","1","10"
"1354","FV3743","3.8","51"
"1355","FV5359","3.9","79"
"1356","G54015","4.1","53"
"1357","BD7929","1","74"
"1358","G26993","3.7","57"
"1359","EF1625","3.8","76"
"1360","G27479","3.9","78"
"1361","EE7911","4.1","96"
"1362","F35008","3.6","27"
"1363","G27492","4.8","53"
"1364","G28885","4.7","29"
"1365","EF1163","1.5","81"
"1366","EF8847","4.2","34"
"1367","B96566","4.9","5"
"1368","EG4159","3.4","2"
"1369","G27484","4.8","35"
"1370","F34327","3.5","30"
"1371","CL7477","2.4","83"
"1372","G27495","3.6","30"
"1373","B28129","3.7","74"
"1374","EF1229","3.8","9"
"1375","EF4920","2.4","50"
"1376","EE6893","2.2","24"
"1377","EF2335","2.7","75"
"1379","EF4372","2.9","43"
"1380","FW9328","3.3","70"
"1381","B27797","3.9","84"
"1382","EG7737","3","9"
"1383","DB3105","3.4","97"
"1384","CG6477","1","64"
"1385","CG3552","3.7","99"
"1386","EG8778","3.3","89"
"1387","BB3627","1","14"
"1388","EE4851","4.2","3"
"1389","EF4373","2.5","86"
"1390","BW0418","2.6","19"
"1391","G27728","0","2"
"1392","BB3628","4.4","25"
"1393","BB3645","2.4","78"
"1394","F37427","4.4","92"
"1395","DB3541","2.8","81"
"1396","EE7346","3","44"
"1397","EG1866","4.8","66"
"1398","EE4895","3.2","93"
"1399","D96635","4.8","27"
"1400","FV6404","2.2","57"
"1401","CG6040","4.6","47"
"1402","EE6074","2","79"
"1403","CG4743","1.5","89"
"1404","EG2738","2.2","86"
"1405","F35493","2.6","56"
"1406","F35597","4.1","89"
"1407","F35495","2.5","84"
"1408","F35494","2.5","47"
"1409","DB1370","4.7","62"
"1410","F35498","3.8","10"
"1411","DB1372","3.5","79"
"1412","F36991","0","43"
"1413","B96223","2.4","14"
"1414","F35497","2.2","83"
"1415","F36501","0","80"
"1416","EE6821","0","10"
"1417","EE7745","4.3","95"
"1418","EE6135","1","5"
"1419","AQ0334","2.5","29"
"1420","B96218","3.3","33"
"1421","CG5537","4","32"
"1422","AQ0538","3.1","74"
"1423","EE7777","4.5","82"
"1424","EF5885","4.7","64"
"1425","EE8378","0","41"
"1426","EF5870","3.2","43"
"1427","CG5580","1.5","53"
"1428","BB7566","5","77"
"1429","AQ0054","2.4","67"
"1430","B75665","4.1","80"
"1432","AQ0539","2.6","20"
"1433","EG2646","4.7","97"
"1434","EH0181","4.4","69"
"1435","EF5902","4.7","46"
"1436","FU6910","0","32"
"1437","AC7104","3.6","67"
"1438","EF9625","2.8","32"
"1439","D97946","5","17"
"1440","B75667","3.6","37"
"1441","BD7080","2.7","79"
"1442","CL9914","2","71"
"1443","BB6602","2.6","66"
"1444","EF5435","4.5","76"
"1445","BC1050","4.8","58"
"1446","EF5507","3.3","5"
"1447","D97319","3.7","29"
"1448","EF5985","2.6","61"
"1449","EF5441","1.5","84"
"1450","F35769","4.4","57"
"1451","EG8776","2","27"
"1452","D97429","2","6"
"1453","EF0820","2.9","17"
"1454","EF4027","3.1","69"
"1455","CG6732","1","56"
"1456","EH2180","4","54"
"1457","EF6050","3","15"
"1458","EF6048","4.9","40"
"1459","EE7290","3.9","88"
"1460","EE7449","1","52"
"1461","EE7968","3.1","56"
"1462","F36481","2","68"
"1463","EG1900","5","55"
"1464","EF6049","2.5","34"
"1465","EF7141","3.3","31"
"1466","EF7140","1","85"
"1467","CQ1091","2.4","61"
"1468","EF7134","2.4","45"
"1469","EH1097","2.6","73"
"1470","FV4656","3.7","33"
"1471","G26947","4.8","26"
"1472","F34060","2.5","11"
"1473","G26944","3.8","97"
"1474","EG5185","3.9","94"
"1475","EG5188","2.7","44"
"1476","FV3029","5","90"
"1477","FV4658","2.7","46"
"1478","CM4831","3.4","22"
"1479","EF6270","3","81"
"1480","CM4705","1.5","96"
"1481","FV3031","3.9","6"
"1482","FV5358","2.7","24"
"1483","DB0594","2.9","13"
"1485","G27461","4.3","72"
"1486","CM4708","4.9","15"
"1487","DA9868","5","33"
"1488","EE9540","3.5","95"
"1489","DB3483","3.4","9"
"1490","EE3912","3.9","21"
"1491","CJ0183","4.3","88"
"1492","AQ0534","3.2","52"
"1493","CK9502","3.8","52"
"1494","BC1041","3.9","21"
"1495","CM0065","4.1","38"
"1496","EG3013","3.5","12"
"1497","EE4966","5","70"
"1498","B75806","3.3","96"
"1499","CK9434","4.9","83"
"1500","EH0833","4.4","72"
"1501","G27637","3.5","27"
"1502","CL7579","2.7","87"
"1503","CK9631","4.2","44"
"1504","EE6091","4","80"
"1505","CL9945","4.1","33"
"1506","FV4189","2.2","37"
"1507","F34477","3.1","14"
"1508","F34683","2.5","27"
"1509","CP8827","4.3","18"
"1510","F36998","2.7","84"
"1511","F36457","1.5","1"
"1512","EE8008","4.4","51"
"1513","EE5511","3.9","78"
"1514","EE5602","2.4","46"
"1515","EE6329","2.8","44"
"1516","EE5506","4.7","37"
"1517","F36471","3.7","24"
"1518","EF6551","4.8","14"
"1519","EE6325","3.8","76"
"1520","EE5678","4.5","5"
"1521","EE4967","1.5","85"
"1522","EF8907","4.4","92"
"1523","EE8688","3.9","30"
"1524","EE8972","4.3","36"
"1525","EE7239","2.8","63"
"1526","G26935","1.5","49"
"1527","EE5394","3","58"
"1528","EH0033","4.6","41"
"1529","B75573","1","50"
"1530","EE4883","3.4","45"
"1531","DA8964","2.6","2"
"1532","CJ8060","3.2","40"
"1533","B75782","2.7","26"
"1534","G27401","4.9","87"
"1535","B75780","4.2","87"
"1536","S80807","4.2","43"
"1538","S32279","4.9","65"
"1539","AC7556","2.6","97"
"1540","B22785","2.9","91"
"1541","F35130","2","98"
"1542","B43742","3","28"
"1543","CK9814","1","95"
"1544","CK9571","3.3","97"
"1545","F34844","3.1","59"
"1546","F35284","4.5","49"
"1547","CQ1149","3.7","80"
"1548","F34739","3.1","7"
"1549","CK9866","4.5","4"
"1550","EE5654","3.1","50"
"1551","FV3013","3.9","10"
"1552","F35282","4.6","80"
"1553","EF9624","3.5","18"
"1554","CK9865","2.8","5"
"1555","F34073","4.2","4"
"1556","D96551","4.5","27"
"1557","CK9784","1.5","19"
"1558","F36512","3.4","36"
"1559","F35283","2.5","10"
"1560","EG3096","4.1","2"
"1561","EG3115","3.6","40"
"1562","EF5550","2.4","18"
"1563","EF9623","3.1","62"
"1564","CJ3410","3.5","24"
"1565","CQ1061","3.5","67"
"1566","BB4014","4.7","96"
"1567","AQ6095","2.2","49"
"1568","EF7135","1","99"
"1569","B44500","3.1","60"
"1570","EF1629","2.8","60"
"1571","B43600","3.3","70"
"1572","EG8735","2.7","59"
"1573","G28713","3.2","2"
"1574","EF3538","2.5","57"
"1575","CJ9005","1","7"
"1576","AH2156","2.7","0"
"1577","FV6447","4.4","85"
"1578","CM7767","3.6","55"
"1579","DB0646","2","6"
"1580","CG6367","4.4","78"
"1581","CM7741","3.5","47"
"1582","CJ9006","4.7","21"
"1583","AC7943","3.6","78"
"1584","CG6364","4.4","50"
"1585","BC0534","2.4","98"
"1586","CK1081","2.9","89"
"1587","F37022","3.4","29"
"1588","EE3812","2.4","40"
"1589","G26834","2.8","71"
"1591","FV6794","4.1","81"
"1592","G26790","3.1","65"
"1593","EH1524","4.7","23"
"1594","G26548","2.2","81"
"1595","B42122","3.6","33"
"1596","F99913","2.4","76"
"1597","EG1073","3.8","76"
"1598","EG7893","4.1","29"
"1599","G28915","3.4","5"
"1600","BB3484","5","46"
"1601","EG1069","3.3","24"
"1602","EG2015","2","66"
"1603","FW3138","3","52"
"1604","EF2212","5","47"
"1605","EG1071","3.5","89"
"1606","EG2045","3.1","33"
"1607","EE4036","1","9"
"1608","FW5423","2.4","26"
"1609","EG1287","2.7","14"
"1610","EG2663","1","96"
"1611","EG2017","2.9","81"
"1612","EG0719","4.5","38"
"1613","EH1208","2.7","73"
"1614","EG4901","4.9","19"
"1615","EE4264","4","6"
"1616","EG1096","3.6","22"
"1617","EG1011","3.3","87"
"1618","EG2052","4.4","38"
"1619","EG0720","4.5","69"
"1620","EF2696","4","21"
"1621","EG0715","3.9","17"
"1622","EE4614","5","35"
"1623","EH1333","4.3","57"
"1624","EF0524","4.4","98"
"1625","EH1847","3.3","35"
"1626","G27491","3.4","25"
"1627","EF0708","3.5","44"
"1628","EE4005","4.8","14"
"1629","EG0761","2.8","98"
"1630","EF2774","3.9","17"
"1631","EE5147","4","20"
"1632","EF1565","4.4","30"
"1633","F35285","4.3","93"
"1634","G27482","2.5","78"
"1635","BC1031","1.5","27"
"1636","F35539","4.6","19"
"1637","CK9816","1","31"
"1638","B96338","2.2","43"
"1639","CM7531","4.8","55"
"1640","EG1369","3.9","22"
"1641","EG1837","2.2","96"
"1642","FV6106","2.2","53"
"1644","FV4526","3.9","59"
"1645","EG3729","4.8","97"
"1646","FU8941","4.7","47"
"1647","FU8932","3.5","37"
"1648","CM6080","4.2","9"
"1649","CM6051","4.9","9"
"1650","CM6052","2","20"
"1651","CM6081","2.9","62"
"1652","CM6068","3.9","77"
"1653","FV4418","3.6","4"
"1654","CM6069","3.8","63"
"1655","CM6073","4.8","92"
"1656","FV4525","3.4","10"
"1657","CM6044","2.6","61"
"1658","FV2875","4.5","0"
"1659","FW2152","1","78"
"1660","FV2874","3.8","54"
"1661","CJ8072","4.5","96"
"1662","CJ8088","4.9","89"
"1663","CK9657","3.3","48"
"1664","AC7043","2.4","49"
"1665","FW9783","4.6","88"
"1666","F35607","4.3","68"
"1667","CJ8111","2.6","66"
"1668","CL7446","1.5","84"
"1669","G26990","2.5","65"
"1670","CJ0194","4.6","13"
"1671","EH0021","2.5","44"
"1672","B44861","2.8","61"
"1673","EE7610","3.4","57"
"1674","BD7439","0","11"
"1675","F34604","3.4","69"
"1676","CJ8107","3.1","45"
"1677","B37550","2.8","13"
"1678","CJ8069","2.6","91"
"1679","CJ7992","1.5","51"
"1680","CJ7987","3.5","74"
"1681","F36162","4.4","33"
"1682","G26776","4.7","9"
"1683","CG6537","4.6","33"
"1684","BB9420","3","7"
"1685","CK9660","4","88"
"1686","CJ8109","1.5","51"
"1687","CJ0044","3.3","68"
"1688","CJ8116","2","87"
"1689","CK9445","2.8","36"
"1690","EF0148","3.7","45"
"1691","CG7123","3","96"
"1692","EE5677","2.2","10"
"1693","EE5819","1","85"
"1694","EE5834","1.5","72"
"1695","EE5361","3.5","90"
"1697","EE4924","4.2","82"
"1698","CJ0180","4.9","32"
"1699","F36645","3.9","84"
"1700","AQ0907","3.7","78"
"1701","CM4930","3.8","92"
"1702","CM4547","4.3","2"
"1703","EE6377","3.8","24"
"1704","DB0271","4.9","64"
"1705","G27402","2.8","20"
"1706","EE7843","3.9","52"
"1707","EG6864","3.8","37"
"1708","EH0173","2.9","31"
"1709","EH2181","2.8","63"
"1710","FV4529","2.2","56"
"1711","CM4863","1","55"
"1712","EE6894","4.2","31"
"1713","B41823","3.7","61"
"1714","CI1871","2.2","80"
"1715","B43829","3.1","17"
"1716","F35514","2.2","79"
"1717","B44820","1.5","88"
"1718","B44736","4.2","81"
"1719","CM4864","4.9","7"
"1720","F34498","2.7","63"
"1721","EE6011","1","60"
"1722","CK9656","2.8","78"
"1723","CL7360","4.5","28"
"1724","CK9546","2.8","98"
"1725","S75104","4.9","70"
"1726","CK9507","3.5","95"
"1727","F35598","2","55"
"1728","CL0207","3.4","57"
"1729","CI9700","1","2"
"1730","CI1704","4.7","71"
"1731","EE5730","3.6","53"
"1732","EE6029","2.9","97"
"1733","CQ2406","4.2","96"
"1734","EF6552","1","6"
"1735","F36717","3.1","70"
"1736","CL7284","0","47"
"1737","F36424","4.9","18"
"1738","BD7497","4.6","16"
"1739","EE7901","3","16"
"1740","EE7905","4.3","52"
"1741","EE7907","3.1","18"
"1742","EE7690","2.5","12"
"1743","EE7696","3.4","16"
"1744","EE7382","3","58"
"1745","EE7693","2.4","82"
"1746","EE7422","4.5","4"
"1747","EE7900","2.8","80"
"1748","EE6151","3","3"
"1750","EE5399","1","1"
"1751","EE8153","3.9","52"
"1752","EE6110","5","15"
"1753","EE7881","3.4","43"
"1754","EE6077","3.9","38"
"1755","EE7360","3","13"
"1756","EE7880","4.2","64"
"1757","CM5956","4.2","91"
"1758","EE9648","3.1","9"
"1759","FV3020","4.7","9"
"1760","CM5971","4.7","11"
"1761","CM5963","4.5","41"
"1762","CM5978","3.5","92"
"1763","CM5962","2.7","4"
"1764","CM5975","1.5","44"
"1765","CM5961","4.9","28"
"1766","CM5974","1.5","44"
"1767","CM5990","3.7","19"
"1768","CM5979","3","18"
"1769","AQ0863","3.9","17"
"1770","CJ8104","2.7","51"
"1771","CM5965","4.7","78"
"1772","CL7519","3.2","82"
"1773","EE5108","4.4","43"
"1774","CL9930","2.2","11"
"1775","EF0815","3.8","60"
"1776","CL9935","4","71"
"1777","CM4795","3.1","41"
"1778","F35061","5","12"
"1779","CM4978","2.4","70"
"1780","EG1686","3.5","82"
"1781","FV2838","3.3","82"
"1782","EF4344","2","43"
"1783","EH0188","3.7","13"
"1784","EE6037","4.2","16"
"1785","CM0039","4.5","58"
"1786","G27636","2.9","4"
"1787","F34392","3.1","52"
"1788","EG1728","4","27"
"1789","DB1758","4.8","4"
"1790","CI1822","5","50"
"1791","CI9830","4.5","31"
"1792","DB1459","3.6","23"
"1793","EG5947","2.9","31"
"1794","B44809","4.4","90"
"1795","CG4044","2.4","80"
"1796","CI9931","3.2","93"
"1797","F35025","4.9","3"
"1798","B96344","2.6","54"
"1799","CL7543","3.1","52"
"1800","F35560","5","99"
"1801","CL7399","4.5","42"
"1803","CL7509","2.6","78"
"1804","EF3500","4","10"
"1805","EE8024","1","3"
"1806","EE3655","2","35"
"1807","EE8447","2","94"
"1808","CL7426","3.6","33"
"1809","EF9182","2","62"
"1810","EE6317","2.4","57"
"1811","EF3836","3","51"
"1812","FW5351","3.6","53"
"1813","DB0958","2","9"
"1814","CI9939","4.8","29"
"1815","BD7577","4.2","8"
"1816","BB7828","3.1","28"
"1817","DB3530","2.6","91"
"1818","F34864","4.3","73"
"1819","CJ8087","3.9","1"
"1820","F34568","2.9","28"
"1821","B41812","3.5","63"
"1822","CL7310","3.3","21"
"1823","CL7397","3.1","85"
"1824","CL7624","4.6","7"
"1825","CL7573","4.1","71"
"1826","BB7716","4.7","77"
"1827","EE6318","4.8","7"
"1828","BC0020","4.4","73"
"1829","CI9699","4.5","54"
"1830","CJ8027","3.3","75"
"1831","B37736","4.1","63"
"1832","D97080","3.4","65"
"1833","CL7308","2.4","1"
"1834","G27464","3.1","25"
"1835","CL9966","2.8","57"
"1836","BD7480","0","34"
"1837","CI1823","0","86"
"1838","DB0961","0","67"
"1839","CQ2896","1.5","64"
"1840","B41649","3.1","90"
"1841","CQ1711","3.3","27"
"1842","CI9992","4.7","29"
"1843","B37725","3.8","25"
"1844","CI9831","4.4","52"
"1845","BB7613","4.9","75"
"1846","CK1229","3.6","77"
"1847","BB7829","4.4","56"
"1848","B44821","3.2","62"
"1849","CJ7975","5","97"
"1850","B43651","4.8","35"
"1851","F35012","1","59"
"1852","CJ8106","2.2","6"
"1853","EF8729","1.5","86"
"1854","BD7932","2","28"
"1856","CL7606","2.9","18"
"1857","FV6448","4","13"
"1858","G27639","2.8","95"
"1859","CK9569","2.6","43"
"1860","EE3649","3.8","31"
"1861","CK9829","4.2","19"
"1862","CG5801","3","61"
"1863","CJ0027","3.5","8"
"1864","CJ0070","3.6","93"
"1865","CJ8989","4.4","10"
"1866","BB7067","3.4","19"
"1867","B41810","2","61"
"1868","G26778","1.5","81"
"1869","CJ8103","5","48"
"1870","EE6876","4.4","75"
"1871","EE7246","1","10"
"1872","CK9805","2.2","71"
"1873","EE5883","4","68"
"1874","CK9785","4.4","76"
"1875","CK9802","4","82"
"1876","CK9860","4.4","62"
"1877","EF1413","4.3","6"
"1878","G27309","2.5","83"
"1879","EE6436","2.6","34"
"1880","EG8300","3.6","34"
"1881","CM5922","3.5","54"
"1882","CM4854","2.4","26"
"1883","B43814","3.1","96"
"1884","AC7045","0","47"
"1885","D96746","2.2","98"
"1886","EE3654","4","69"
"1887","G26806","2.5","46"
"1888","CQ1179","2.5","36"
"1889","EE7840","3.3","85"
"1890","EE4277","2.6","56"
"1891","F35377","0","50"
"1892","B37919","4.4","48"
"1893","EG2363","3.9","76"
"1894","CG3820","2.7","35"
"1895","DB1560","4.2","23"
"1896","F34428","3.8","58"
"1897","F36994","2.5","95"
"1898","B41648","2","0"
"1899","B37959","1.5","65"
"1900","BB6744","2.2","2"
"1901","DB3588","2.4","83"
"1902","F34563","3.1","28"
"1903","F36208","2.2","61"
"1904","CL7342","1","40"
"1905","EE9721","3.5","67"
"1906","FV2480","3.8","0"
"1907","EE5590","2","84"
"1909","BB6918","4.2","95"
"1910","EE9513","2.5","45"
"1911","CP8828","3.9","31"
"1912","CP9344","2","87"
"1913","F36171","2.4","2"
"1914","CI9976","2.8","92"
"1915","CI9701","4.2","12"
"1916","B44806","4.2","78"
"1917","EE4577","3.9","60"
"1918","BZ0109","2.7","44"
"1919","F34571","3","88"
"1920","CJ8014","3.8","73"
"1921","CP8822","2.9","1"
"1922","F36242","2.5","33"
"1923","CJ8074","3.5","49"
"1924","CJ8015","2","39"
"1925","CJ8114","3.2","50"
"1926","CJ8075","4.2","85"
"1927","F35444","1","45"
"1928","EE5508","4.6","95"
"1929","CJ7991","4.4","95"
"1930","CL7312","4","10"
"1931","CL7611","4.3","9"
"1932","CK9605","3.1","65"
"1933","CK9481","2.2","27"
"1934","CK9505","3.2","46"
"1935","CK9485","4.9","65"
"1936","CL7489","3.6","5"
"1937","CL9947","2.4","95"
"1938","EE5668","1.5","24"
"1939","CK9539","2.4","24"
"1940","CI1702","4","29"
"1941","CI1812","2.8","3"
"1942","FV4298","4.8","25"
"1943","CI1739","4.7","39"
"1944","CI1935","1","0"
"1945","B37266","1","18"
"1946","B37955","3.8","12"
"1947","BD7842","4.8","73"
"1948","BD7528","4.6","11"
"1949","BD7840","4.5","96"
"1950","CI1738","3","85"
"1951","AQ0535","4.1","50"
"1952","FV2484","3.1","14"
"1953","EE8137","4.3","65"
"1954","CL7455","4.8","85"
"1955","EE9267","1.5","66"
"1956","FW5365","3.3","82"
"1957","CJ0177","2.9","44"
"1958","EE8445","4","56"
"1959","CJ0212","2.9","42"
"1960","EE7917","4","20"
"1962","EF0586","3.2","91"
"1963","EE7599","3.6","30"
"1964","F34403","1","62"
"1965","EF1157","4.1","13"
"1966","F34407","4.2","0"
"1967","G26942","3.4","43"
"1968","F35379","4.8","61"
"1969","F35382","3.5","13"
"1970","F35378","2.2","3"
"1971","F34400","3.4","48"
"1972","EG4009","5","89"
"1973","EE8489","4.5","9"
"1974","BD7479","2.2","5"
"1975","EE7763","3","24"
"1976","BC0975","4.9","83"
"1977","EF8730","2.6","37"
"1978","EE7762","5","61"
"1979","EE4937","4.5","13"
"1980","EE8973","4.5","46"
"1981","EE8331","4.7","16"
"1982","EE4762","4.4","23"
"1983","EE7163","2.8","23"
"1984","EE6257","4.7","12"
"1985","EE4445","2.4","66"
"1986","EE4443","4.3","23"
"1987","EF2102","3.9","68"
"1988","CM0011","3.7","11"
"1989","B22747","4.2","79"
"1990","CM7988","4.9","3"
"1991","BB9280","4.6","13"
"1992","BC0973","4.8","23"
"1993","CL7287","4","13"
"1994","EE5790","3.6","49"
"1995","CL0235","3.4","57"
"1996","EF1344","4.9","68"
"1997","G27506","4.2","99"
"1998","F35373","0","18"
"1999","F34394","3.4","27"
"2000","DB3405","0","93"
"2001","CK9474","3.6","86"
"2002","EF8329","3.6","15"
"2003","CL9983","4.9","45"
"2004","EF0021","4.2","80"
"2005","EF8348","4","30"
"2006","CL9985","4.9","10"
"2007","EF8211","0","4"
"2008","CL9990","2.6","2"
"2009","EF8208","3.8","83"
"2010","EF1619","4.1","85"
"2011","EG7224","4.4","88"
"2012","CL9979","4.5","16"
"2013","EF1958","3.4","28"
"2015","EF1806","3.7","74"
"2016","EE9573","2","20"
"2017","EF1957","4.7","42"
"2018","EF1634","3.2","15"
"2019","EE9577","3.9","20"
"2020","G28550","5","61"
"2021","G28551","3.5","78"
"2022","EG7155","0","0"
"2023","EF1809","2.6","26"
"2024","EG0963","4.7","12"
"2025","CM5919","4.4","16"
"2026","EF1664","0","59"
"2027","BZ0084","3.2","8"
"2028","CM5920","4.9","92"
"2029","CM5921","3.1","95"
"2030","EF2778","3.6","36"
"2031","F34053","3.5","65"
"2032","B27788","2.6","43"
"2033","B37945","5","79"
"2034","B37846","4.9","99"
"2035","B96323","4","27"
"2036","DB3143","2.6","2"
"2037","B41825","4.9","58"
"2038","F36630","2.5","8"
"2039","B37787","3.7","4"
"2040","DB3329","2.4","29"
"2041","G27808","3.4","46"
"2042","DB2609","4.7","72"
"2043","CJ9009","4.4","24"
"2044","CL0233","3.1","36"
"2045","CI1719","4.3","97"
"2046","CM0106","5","1"
"2047","CK9437","4.9","7"
"2048","F34579","3.9","18"
"2049","F34578","3.5","1"
"2050","F36629","4.6","53"
"2051","CQ2330","3.6","74"
"2052","DA9854","4.7","22"
"2053","CL9937","3.9","88"
"2054","CQ2358","2.9","49"
"2055","DB0959","2.8","85"
"2056","DB1592","3.5","43"
"2057","CQ2630","3.9","36"
"2058","B41736","2.5","23"
"2059","CQ2809","4.6","48"
"2060","B41671","2.6","54"
"2061","B41719","3","70"
"2062","B37633","3","16"
"2063","B75680","2.2","20"
"2064","B37995","4.5","61"
"2065","B41766","3.3","58"
"2066","B38003","3.3","11"
"2068","B27786","2.9","30"
"2069","B37827","3.3","52"
"2070","B37364","4.8","50"
"2071","B42000","3.7","2"
"2072","DB2736","2.4","50"
"2073","BD7816","2.9","2"
"2074","DB3276","3.4","3"
"2075","BD7778","2.4","90"
"2076","G27934","4.6","66"
"2077","DB3565","4","47"
"2078","F35627","2.4","63"
"2079","F99866","3.4","46"
"2080","F34038","2","56"
"2081","DB1464","3.1","86"
"2082","CJ3406","3.1","33"
"2083","CI9718","3","0"
"2084","DA9305","3.3","39"
"2085","B44650","1","34"
"2086","AC7044","3.7","78"
"2087","CJ8055","3.6","10"
"2088","B43642","1.5","2"
"2089","CJ8100","3.1","56"
"2090","CJ8028","4","30"
"2091","CL7474","3.9","18"
"2092","EF9181","2.9","83"
"2093","CK9671","3","88"
"2094","EE5855","2.9","98"
"2095","EE5317","4.2","82"
"2096","EE5621","4.8","26"
"2097","EE4471","0","56"
"2098","EE4446","4.9","12"
"2099","EE4988","3","88"
"2100","EE7741","2.5","52"
"2101","EE7235","4.4","59"
"2102","EE4962","2.8","0"
"2103","EE4989","1.5","36"
"2104","F36760","0","90"
"2105","BD7316","4.2","20"
"2106","EE7162","3.2","36"
"2107","EE7238","3","62"
"2108","CM6085","4.5","21"
"2109","BC1037","3.1","90"
"2110","CL7629","4.6","84"
"2111","B41529","2.4","48"
"2112","CL9920","4.8","32"
"2113","B37727","3.6","40"
"2114","AQ1022","2.6","10"
"2115","D96745","4.7","21"
"2116","BD7843","4.2","40"
"2117","CL9922","4.7","51"
"2118","CK9593","4.2","35"
"2119","F34037","2.5","47"
"2121","EE9812","1","18"
"2122","F34608","4.4","37"
"2123","F99253","3.3","26"
"2124","F36204","1","89"
"2125","B79773","2.2","19"
"2126","B43743","1","9"
"2127","B79774","1","4"
"2128","CL0208","4.2","36"
"2129","EE6664","1.5","78"
"2130","CM7593","4.6","10"
"2131","CM0037","1","21"
"2132","EH1294","2.6","54"
"2133","FV4300","0","68"
"2134","B41677","2.4","35"
"2135","CL7540","4.3","24"
"2136","F34944","1.5","52"
"2137","CL7625","3.7","10"
"2138","CL7510","4.6","87"
"2139","CL7512","4.1","83"
"2140","EE9894","2.2","76"
"2141","F35606","3.5","34"
"2142","CK9842","3.2","3"
"2143","CK9810","2.9","50"
"2144","CK9787","4.8","23"
"2145","CK9812","2.8","23"
"2146","CL9975","3.8","58"
"2147","G26170","3.8","1"
"2148","F97258","3.2","43"
"2149","CL9980","4.2","74"
"2150","EG2066","4.2","98"
"2151","CL9981","4.5","73"
"2152","CM5995","2.4","16"
"2153","AC8133","2.2","88"
"2154","EE3656","2.6","31"
"2155","G27274","2.8","41"
"2156","G28372","1.5","2"
"2157","EG1188","3.6","51"
"2158","G27364","3.8","50"
"2159","G28583","2.6","29"
"2160","EF0582","1.5","34"
"2161","CL7522","1.5","34"
"2162","CM0040","3","10"
"2163","CL9940","1.5","63"
"2164","EE5107","4.9","69"
"2165","DA9853","4.1","77"
"2166","CG5675","4.5","99"
"2167","EE5357","2.8","23"
"2168","CL7641","3","82"
"2169","EE5451","2.8","6"
"2170","CK9458","4.1","12"
"2171","EE4444","0","68"
"2172","G28970","2.9","7"
"2174","EE6378","2.7","9"
"2175","BB9890","4.1","75"
"2176","EF2511","3.7","64"
"2177","F36393","2.2","27"
"2178","CL7275","3.3","97"
"2179","EE7906","1","19"
"2180","EE7908","3.6","73"
"2181","EE7681","3","19"
"2182","EE7680","2.2","34"
"2183","EF5887","1","4"
"2184","EE9675","4.9","50"
"2185","EG8323","3.5","36"
"2186","FV4417","2.2","1"
"2187","EG3493","3.2","43"
"2188","EE9717","0","80"
"2189","CM4938","3.7","34"
"2190","G27276","2.2","88"
"2191","B37789","2.6","38"
"2192","F36993","2.9","45"
"2193","CM4773","4.9","80"
"2194","BB1879","4","86"
"2195","BB1878","2.6","97"
"2196","BA9109","2.8","15"
"2197","BB6079","2.4","56"
"2198","BY2405","4.8","16"
"2199","CJ8985","3.5","97"
"2200","CL9949","4.4","7"
"2201","CM0041","2.2","24"
"2202","CK1083","2.7","0"
"2203","CL0213","4.5","39"
"2204","B43659","2.9","54"
"2205","BC0516","3.9","62"
"2206","BB9426","4.3","83"
"2207","F34426","2.6","50"
"2208","BD7810","2.5","18"
"2209","B44699","3.6","54"
"2210","EF8373","4.7","52"
"2211","EG7971","4.8","76"
"2212","EG7972","4.8","78"
"2213","AQ0106","2","1"
"2214","F34813","4","59"
"2215","EE7379","3.7","85"
"2216","EE9631","3","75"
"2217","CK9819","2.5","16"
"2218","EH1172","2.9","7"
"2219","EE9635","4.1","34"
"2220","EF9612","3.3","24"
"2221","EH1851","3.8","79"
"2222","EG1713","4.2","48"
"2223","CM5923","2.2","72"
"2224","CM5942","4.1","40"
"2225","CM5932","2.5","82"
"2227","CM5933","3","18"
"2228","CM5924","3.8","98"
"2229","CM5938","3.3","91"
"2230","EG4344","4.7","0"
"2231","EG5839","4.6","94"
"2232","EF8850","3","5"
"2233","CL9957","2","66"
"2234","B37704","4.6","50"
"2235","CL9964","4.8","66"
"2236","EF0804","3.2","79"
"2237","EG1144","3.4","18"
"2238","EG1146","4.7","78"
"2239","EH1531","4.3","30"
"2240","EE4316","3.1","35"
"2241","EG1393","2.6","83"
"2242","EG0978","2.7","25"
"2243","EG0959","4.2","66"
"2244","EE4185","4.1","25"
"2245","EG0693","1","41"
"2246","EF1043","2","13"
"2247","EH1530","4.7","54"
"2248","DB3145","4.4","4"
"2249","CL7378","3.3","78"
"2250","EG1391","3.2","98"
"2251","FV4284","4.5","1"
"2252","EG0695","4","40"
"2253","EE5403","3.3","90"
"2254","F35565","3.1","51"
"2255","EE4935","2.4","15"
"2256","F36392","4.7","72"
"2257","EE5597","4.6","11"
"2258","EG4370","3.2","14"
"2259","EE7888","4.9","2"
"2260","DB0156","3.9","48"
"2261","EE7686","1.5","65"
"2262","D96523","3.7","85"
"2263","EG3278","4.2","5"
"2264","EF6989","3.5","67"
"2265","D96524","4.6","57"
"2266","F35626","2.2","78"
"2267","F35629","5","19"
"2268","F35619","2.5","14"
"2269","EF1162","5","52"
"2270","G27244","1","64"
"2271","CP9196","2.2","23"
"2272","CP9028","4.1","88"
"2273","CP8933","2.7","23"
"2274","CP9029","3.2","18"
"2275","BB9345","4.7","27"
"2276","DB2064","5","34"
"2277","DB2188","3.4","86"
"2278","DB2125","4.2","65"
"2280","DB2080","3.6","24"
"2281","DB2463","4.7","96"
"2282","DB2166","4.9","86"
"2283","BB9185","1.5","29"
"2284","BC0552","3","12"
"2285","BC0316","2.5","46"
"2286","BB9375","2.2","51"
"2287","D97992","2.8","47"
"2288","BB8113","3.9","85"
"2289","B43665","1","77"
"2290","BB9188","2","20"
"2291","EE7042","4.8","42"
"2292","BB6280","4.9","8"
"2293","CK9455","0","12"
"2294","CG4019","3.5","72"
"2295","F35784","2.5","84"
"2296","BB6291","1","28"
"2297","CQ3176","4.5","79"
"2298","D97306","2.8","53"
"2299","D97451","2.8","43"
"2300","CK9859","3.1","7"
"2301","G28832","2.4","43"
"2302","EF5431","3.7","11"
"2303","F34393","1.5","39"
"2304","EF4258","2","85"
"2305","CM5970","4.6","85"
"2306","AQ0533","2.6","40"
"2307","EG4958","3.3","92"
"2308","280648","4.2","54"
"2309","288022","3.3","95"
"2310","CK9857","2","14"
"2311","CL9944","4.5","3"
"2312","FW0536","0","10"
"2313","EF0709","2.7","58"
"2314","BB6351","2.4","72"
"2315","FU8299","3.7","32"
"2316","CK9684","1.5","30"
"2317","DB2071","3.1","90"
"2318","BB9335","3.8","37"
"2319","F36199","3.8","93"
"2320","FV8788","4.3","4"
"2321","EE6255","4.7","36"
"2322","EE9845","2","95"
"2323","EF0416","4.8","69"
"2324","EF3830","4.2","20"
"2325","EG3106","4.4","6"
"2326","EG3667","4.8","91"
"2327","FV3907","4.3","88"
"2328","CM4815","2.5","5"
"2329","FV4287","2.8","8"
"2330","FV4291","1","6"
"2331","BY9260","2.5","64"
"2333","CM4832","3.6","21"
"2334","AQ8531","3.8","56"
"2335","G27706","4","34"
"2336","CK9655","0","24"
"2337","EF4690","0","51"
"2338","EF4689","4.6","93"
"2339","EG4959","2.4","12"
"2340","F35611","3.5","68"
"2341","FV3017","0","21"
"2342","FV2807","3.5","52"
"2343","EG3284","3","62"
"2344","F35383","3.5","30"
"2345","F34412","2.2","87"
"2346","EE9663","3.1","56"
"2347","CQ2332","2.6","97"
"2348","EE7744","3.8","25"
"2349","EE7801","4.4","13"
"2350","EF5945","3.5","43"
"2351","FV4649","4","80"
"2352","EF5891","2.8","20"
"2353","EF5884","3.8","77"
"2354","EH0169","4.4","44"
"2355","EG7964","3.4","63"
"2356","FV3023","4.7","40"
"2357","EH0175","4.2","62"
"2358","BB9347","4.9","75"
"2359","FV2872","4.6","86"
"2360","CP8971","2.6","15"
"2361","F35341","5","64"
"2362","FX4259","3.2","71"
"2363","BB9367","4.5","54"
"2364","CG6830","3.3","50"
"2365","BB8090","3.2","3"
"2366","EF8368","3.1","71"
"2367","EE7695","3.2","67"
"2368","EG6208","1","52"
"2369","EE7678","3.9","83"
"2370","EF1357","3","15"
"2371","G27367","2.2","49"
"2372","EF1240","4.3","43"
"2373","EF8287","4.6","54"
"2374","EF8292","3.7","22"
"2375","EF2380","1","94"
"2376","CM4816","4.7","9"
"2377","CM4936","5","10"
"2378","FW5354","3.2","9"
"2379","FW8153","3.5","89"
"2380","CM4881","2.5","82"
"2381","F34408","2.7","0"
"2382","CL7362","2.8","4"
"2383","F35594","5","70"
"2384","EF9237","4.4","46"
"2386","B43739","4.8","9"
"2387","F35316","2.7","66"
"2388","EE5803","1","88"
"2389","EG3730","4.9","11"
"2390","CM6084","2.6","6"
"2391","EF4261","4.1","66"
"2392","FW2154","2","35"
"2393","CL7640","2.4","96"
"2394","G26989","3.3","15"
"2395","EE7720","4.7","34"
"2396","B37698","2.7","57"
"2397","CM6072","4.4","65"
"2398","CK9795","3.5","87"
"2399","FU8940","4.1","52"
"2400","CL9923","3.6","91"
"2401","BY4027","3.7","11"
"2402","F35621","3","54"
"2403","EE9554","2","6"
"2404","B37697","2","22"
"2405","FV7538","3.8","26"
"2406","D97436","4.3","77"
"2407","EE7692","3.4","23"
"2408","EE9664","0","12"
"2409","EE6036","4.8","53"
"2410","FV7536","3.6","47"
"2411","EH0151","2.4","80"
"2412","CM5985","2.6","76"
"2413","CM5951","2.7","81"
"2414","CM5952","3.4","33"
"2415","CM5964","4.1","75"
"2416","EF1343","3.7","87"
"2417","EF4343","2","15"
"2418","B44142","1.5","43"
"2419","EE4320","4","88"
"2420","CL0252","3.8","22"
"2421","EE7904","2.2","26"
"2422","CM4885","4.7","7"
"2423","BY4061","2.4","50"
"2424","G26565","3.6","74"
"2425","F36333","1","56"
"2426","CL9986","3.3","46"
"2427","EF8210","2.5","64"
"2428","CL9976","3","61"
"2429","EE4805","3.5","11"
"2430","EF1814","3.3","97"
"2431","EG0953","4.5","51"
"2432","CM5915","4.2","57"
"2433","G27504","4.4","49"
"2434","BD7819","4.8","13"
"2435","EF4260","3.8","50"
"2436","EF4001","2","65"
"2437","EF4262","4.7","3"
"2439","EF4028","5","50"
"2440","EG8354","2.6","54"
"2441","EG8355","3.6","80"
"2442","CM4551","2","98"
"2443","FV3018","4.8","87"
"2444","EE4324","3.8","70"
"2445","F34469","2.8","30"
"2446","F35381","2.5","75"
"2447","B96558","4.1","24"
"2448","BA7376","3.4","63"
"2449","B37435","4.3","49"
"2450","F36334","4.1","52"
"2451","CL7338","3.1","5"
"2452","CQ1108","3.6","70"
"2453","FV4083","3.4","61"
"2454","CK1084","4.7","46"
"2455","CQ1129","3.2","33"
"2456","CQ1114","3.9","26"
"2457","B22729","2.7","14"
"2458","F36236","2.6","68"
"2459","F36232","4.1","94"
"2460","DB3555","2.2","16"
"2461","B42259","4","33"
"2462","B22728","3.8","48"
"2463","B27818","2.8","16"
"2464","B22721","2.5","75"
"2465","B22726","4.3","47"
"2466","B22762","1","13"
"2467","B41486","2","49"
"2468","B41686","3.6","44"
"2469","B41776","4.3","76"
"2470","F36221","3.1","41"
"2471","B22790","0","41"
"2472","BD7809","4.5","50"
"2473","EG1212","2.8","94"
"2474","EG1346","2","94"
"2475","DB1347","3","2"
"2476","F35595","2.7","67"
"2477","B96569","2.9","24"
"2478","F35593","4.8","46"
"2479","EF2099","4.3","90"
"2480","G27132","4.7","81"
"2481","DB3389","0","40"
"2482","EF1649","3.7","12"
"2483","EF1698","1.5","52"
"2484","EF2208","3.3","40"
"2485","EG0964","2","0"
"2486","EG7202","4.5","78"
"2487","EG7130","4.4","70"
"2488","FU8926","5","32"
"2489","EF1707","3.8","26"
"2490","G54739","4.7","26"
"2492","DA8693","4.1","88"
"2493","CM0105","2.7","87"
"2494","F34611","4.3","77"
"2495","EG5933","4.9","94"
"2496","BB6574","4.5","96"
"2497","BD7878","2.5","70"
"2498","CK8040","2.8","53"
"2499","CK8037","3.3","53"
"2500","CK8039","3.9","56"
"2501","EE6254","3.6","75"
"2502","EE6081","0","94"
"2503","EE7383","4.1","60"
"2504","EE9665","4.2","16"
"2505","EE6111","5","94"
"2506","D97654","4.4","38"
"2507","EE6112","4.5","23"
"2508","CL9854","0","10"
"2509","EE4284","3.5","39"
"2510","EF0609","4.7","72"
"2511","CM0060","3.5","86"
"2512","G26566","1","19"
"2513","EF0500","3.6","48"
"2514","F34375","4.5","16"
"2515","EG1851","2.8","2"
"2516","BB7236","3.8","1"
"2517","CP9392","2","58"
"2518","F34573","4.8","62"
"2519","CL9853","3","26"
"2520","EF2378","4.1","5"
"2521","F34390","4.6","41"
"2522","CL9851","0","64"
"2523","F36412","1","59"
"2524","BB9425","2.5","91"
"2525","S78048","4.1","13"
"2526","G27463","3.5","4"
"2527","B44869","4.8","88"
"2528","CM0002","4.1","53"
"2529","EH1837","3.9","56"
"2530","EF2392","4.3","52"
"2531","EH0433","2.8","87"
"2532","EE4393","4.3","28"
"2533","EE9642","4.7","40"
"2534","EG0692","2.5","88"
"2535","F34376","3.9","87"
"2536","DA9997","3.9","76"
"2537","G28527","2.5","43"
"2538","CQ0443","4.9","22"
"2539","EE9555","3.8","5"
"2540","EE9027","4.9","81"
"2541","G28523","3.2","94"
"2542","DB3390","1.5","33"
"2543","BB9440","3.4","17"
"2545","D97959","3","59"
"2546","D97609","1","18"
"2547","BB9187","1","80"
"2548","AQ0407","3.1","74"
"2549","FW5366","3.4","38"
"2550","CJ8979","3.7","52"
"2551","B42099","5","8"
"2552","CM0042","3.5","48"
"2553","EE6814","4.5","7"
"2554","BD7927","2.4","37"
"2555","FU8296","4.1","88"
"2556","EE9576","3.9","83"
"2557","CM5914","2.9","53"
"2558","EF0893","2.6","94"
"2559","EG0979","5","67"
"2560","CK9797","3.5","69"
"2561","B37706","4.6","16"
"2562","CG6237","3.3","58"
"2563","AW4591","3.5","99"
"2564","DB3364","2.4","29"
"2565","F35234","3.6","19"
"2566","B37703","4.8","84"
"2567","D97441","5","36"
"2568","CM6023","4.9","44"
"2569","CM6022","4.4","18"
"2570","EH0166","2.4","29"
"2571","EG0429","3","39"
"2572","FU8298","1.5","48"
"2573","FV0033","4.2","19"
"2574","CL9987","2.4","21"
"2575","FU8297","3.7","74"
"2576","EF0573","3.1","34"
"2577","EG0755","2.7","58"
"2578","FW1970","3.6","1"
"2579","BD7865","4","53"
"2580","EG2211","2.8","31"
"2581","D69234","3.7","31"
"2582","EG2216","3.6","41"
"2583","EG2007","4.8","37"
"2584","CM6029","5","29"
"2585","EF2479","2.7","64"
"2586","EE9658","3.6","58"
"2587","CM6028","2.2","45"
"2588","EE7669","2.5","69"
"2589","CM6027","2.2","15"
"2590","EG2009","4.9","68"
"2591","CM6007","1.5","5"
"2592","CL9855","2.5","15"
"2593","EF3504","5","22"
"2594","EF0606","2.5","8"
"2595","M20324","4.5","40"
"2596","EG2659","5","78"
"2598","FW3136","3.7","47"
"2599","EH1106","4.9","84"
"2600","EH1943","2.7","50"
"2601","EG0773","4.6","6"
"2602","EG2799","3.8","98"
"2603","EF9919","3.4","81"
"2604","EE4599","3.4","39"
"2605","EF9866","2.6","71"
"2606","EF9908","3.4","62"
"2607","CM6031","4.7","89"
"2608","CM6012","5","35"
"2609","EF9926","4.8","21"
"2610","CM6013","4.7","7"
"2611","D96931","3.4","58"
"2612","BB3218","2.7","92"
"2613","EH1875","4.8","55"
"2614","CM6032","0","88"
"2615","EG0691","4.4","26"
"2616","G28220","3.9","42"
"2617","FW0525","3.5","48"
"2618","G26934","3.6","68"
"2619","EF3509","1","43"
"2620","EF3503","4.9","47"
"2621","EF3505","4.4","30"
"2622","CM6008","2","87"
"2623","BC0980","4.6","6"
"2624","EF9924","4.4","89"
"2625","CJ1646-600","0","0"
"2626","CT4328-101","0","0"
"2627","CI3482-200","0","0"
"2628","CD0479-200","0","0"
"2629","CZ6156-101","0","0"
"2630","CJ6314-146","0","0"
"2631","CI0808-100","0","0"
"2632","CJ0861-017","5","1"
"2633","AT8242-009","2.7","14"
"2634","CK2595-500","5","2"
"2635","CD0490-104","5","9"
"2636","315115-112","4.5","67"
"2637","AV5186-101","0","0"
"2638","CJ0860-668","0","0"
"2639","AJ6910-009","4.4","48"
"2640","BQ7043-668","4.4","34"
"2641","CK2608-100","0","0"
"2642","921733-104","4.3","16"
"2643","CJ1379-001","0","0"
"2644","CT1726-100","0","0"
"2645","CT4525-001","0","0"
"2646","923112-001","4.2","6"
"2647","BQ3381-600","5","2"
"2648","AO2982-076","4.4","22"
"2649","CJ0277-002","0","0"
"2651","CT1030-100","0","0"
"2652","CK9671-001","4","1"
"2653","BQ4632-602","4.3","4"
"2654","CJ0280-001","0","0"
"2655","AR6374-402","4.2","5"
"2656","CU5646-001","5","1"
"2657","AR4543-013","4.9","7"
"2658","CI3707-100","0","0"
"2659","CQ9500-100","0","0"
"2660","CJ1642-002","0","0"
"2661","CD0888-002","5","3"
"2662","CI3868-001","0","0"
"2663","CJ0636-100","1","1"
"2664","852542-087","4.8","13"
"2665","CK2351-601","4.9","7"
"2666","BV0657-400","4.7","3"
"2667","AT8000-104","0","0"
"2668","554724-066","4.5","61"
"2669","CJ0619-100","0","0"
"2670","CJ0592-001","0","0"
"2671","CT3867-001","0","0"
"2672","CJ0267-001","0","0"
"2673","AT7998-104","0","0"
"2674","AT7898-104","0","0"
"2675","CD5086-500","0","0"
"2676","CJ0625-700","0","0"
"2677","CT4352-104","0","0"
"2678","CD3002-103","5","2"
"2679","CD3460-010","4.5","31"
"2680","CD3395-006","5","2"
"2681","CQ6569-001","0","0"
"2682","AT7997-606","0","0"
"2683","CI3708-700","5","1"
"2684","CT1104-700","0","0"
"2685","CD5007-102","3","2"
"2686","AT7995-104","0","0"
"2687","BV9977-101","0","0"
"2688","CD0200-003","5","1"
"2689","BQ3177-100","4.5","47"
"2690","DA4155-400","0","0"
"2691","CJ0773-010","0","0"
"2692","CQ0912-100","5","2"
"2693","CT1099-093","0","0"
"2694","CI1718-001","5","2"
"2695","CD0490-101","5","9"
"2696","AT7980-606","0","0"
"2697","BQ3202-011","3.1","8"
"2698","CD0113-400","5","1"
"2699","CQ2344-100","0","0"
"2700","AO4971-700","3.9","33"
"2701","AV2605-101","3.7","27"
"2702","AA1625-009","4.2","9"
"2704","AO7351-104","2.7","3"
"2705","AJ9515-001","0","0"
"2706","AO2434-101","0","0"
"2707","CJ0861-010","5","1"
"2708","AT1198-401","0","0"
"2709","AT7996-606","0","0"
"2710","CK2772-101","0","0"
"2711","AQ7477-009","2.6","11"
"2712","AQ5707-001","3.9","10"
"2713","BV4584-001","5","2"
"2714","CD6721-808","0","0"
"2715","AO0566-606","2.8","5"
"2716","AT5410-003","4.5","2"
"2717","BV6348-300","2.6","20"
"2718","CI3703-401","0","0"
"2719","AT7946-414","5","2"
"2720","BQ5401-001","2.9","12"
"2721","BV7725-500","5","3"
"2722","CU7623-002","3.5","2"
"2723","CK5669-400","0","0"
"2724","704939-103","4.3","8"
"2725","CD5050-400","4.6","5"
"2726","CK5836-100","5","1"
"2727","CI1396-600","5","1"
"2728","CD0916-001","5","1"
"2729","BV1507-001","4.8","5"
"2730","BQ6623-070","4.4","18"
"2731","CD4156-606","0","0"
"2732","CI3831-200","4","1"
"2733","AO1741-003","3.7","3"
"2734","AH8050-100","3.8","81"
"2735","CD4159-606","0","0"
"2736","CK4363-100","5","6"
"2737","CN8490-100","5","3"
"2738","CI9921-001","0","0"
"2739","AO3269-717","4","3"
"2740","CI9367-301","3.5","2"
"2741","AT7960-104","0","0"
"2742","AT8179-100","4.4","7"
"2743","AV3866-001","5","1"
"2744","AH1015-010","4","25"
"2745","AT5293-004","3.1","7"
"2746","AT7949-606","0","0"
"2747","AT6395-002","4","6"
"2748","CK6357-005","4.3","12"
"2749","AV5555-001","4.3","9"
"2750","310805-137","4.7","223"
"2751","130690-017","4.5","24"
"2752","CT1264-101","4","1"
"2753","CK5668-600","0","0"
"2754","BQ5427-401","0","0"
"2755","AQ7497-300","5","3"
"2757","AH7378-801","0","0"
"2758","CJ0404-001","0","0"
"2759","CI3871-300","4.4","5"
"2760","BQ2728-012","3.9","17"
"2761","CT3110-400","0","0"
"2762","CJ0270-601","0","0"
"2763","CT8919-700","4.5","2"
"2764","CT1020-001","0","0"
"2765","CD5082-001","4.5","2"
"2766","BV5739-500","4.7","3"
"2767","CW4286-100","0","0"
"2768","CD0887-201","5","3"
"2769","CD5028-900","0","0"
"2770","AJ6900-102","3.7","50"
"2771","CI9842-500","5","2"
"2772","CI0919-100","4.8","20"
"2773","CK7200-800","0","0"
"2774","487754-303","3.9","17"
"2775","AH7249-118","3","1"
"2776","CJ9684-001","5","2"
"2777","AO0354-108","4.9","8"
"2778","AT2863-100","3.1","54"
"2779","832528-001","4.5","6"
"2780","CD4371-001","4.6","68"
"2781","AQ8830-016","4.1","17"
"2782","AO9819-001","4.4","27"
"2783","AR3863-101","0","0"
"2784","CI3706-100","0","0"
"2785","AT1369-103","0","0"
"2786","AQ1189-009","3.7","31"
"2787","CU5133-600","4.4","7"
"2788","CK9670-100","0","0"
"2789","CI5546-100","2","2"
"2790","BQ6826-003","4.8","4"
"2791","CU0814-102","4","1"
"2792","AV4789-104","4.4","7"
"2793","CJ3312-001","5","1"
"2794","AR6631-004","3.8","24"
"2795","BQ6166-003","3.7","31"
"2796","CQ0492-001","4.5","2"
"2797","918193-700","3.6","20"
"2798","AQ0926-001","0","0"
"2799","AQ7489-008","3.6","14"
"2800","CD7070-009","4.6","15"
"2801","AH7857-009","4.2","23"
"2802","CT5229-001","0","0"
"2803","CJ1300-401","0","0"
"2804","880848-005","4.3","105"
"2805","AT8240-003","4","30"
"2806","942851-002","3.9","61"
"2807","AR5677-200","4.6","12"
"2809","AJ6959-717","5","1"
"2810","415445-102","4.1","94"
"2811","BQ5422-200","4.2","30"
"2812","AT7975-606","5","1"
"2813","553558-125","4.6","34"
"2814","AQ0925-002","0","0"
"2815","CD6404-800","0","0"
"2816","AQ4176-049","3.5","4"
"2817","CT3632-001","0","0"
"2818","CK2718-003","4.1","10"
"2819","AO2924-401","4.2","62"
"2820","AR4229-003","4.6","18"
"2821","AQ8306-407","3.4","23"
"2822","CD0881-104","4.7","9"
"2823","CT5342-007","4.8","11"
"2824","CI3705-600","0","0"
"2825","AQ7878-003","1","1"
"2826","AO0570-810","0","0"
"2827","CT5528-001","0","0"
"2828","CD7288-001","5","1"
"2829","BQ5435-703","0","0"
"2830","BV0612-001","3","4"
"2831","CD2182-001","3","4"
"2832","133000-106","0","0"
"2833","CJ0579-400","0","0"
"2834","BV0417-401","4.4","12"
"2835","AQ2203-003","3.6","23"
"2836","BV5502-600","5","1"
"2837","CD7005-001","5","1"
"2838","CD2803-001","4","1"
"2839","CJ6971-001","3.7","3"
"2840","AJ7695-100","0","0"
"2841","640744-016","4.1","9"
"2842","AQ2568-100","4.5","13"
"2843","CT2007-100","5","1"
"2844","CI3866-100","0","0"
"2845","CU8861-460","0","0"
"2846","AT6107-606","0","0"
"2847","CJ0219-400","5","2"
"2848","BQ5615-002","5","1"
"2849","BQ3448-400","5","2"
"2850","BV6344-001","3.7","19"
"2851","CQ6639-001","0","0"
"2852","AO2132-401","4.4","5"
"2853","CD4363-103","4.8","5"
"2854","CI3794-600","4.6","5"
"2855","CK4126-001","0","0"
"2856","CQ3317-001","0","0"
"2857","AA8030-108","3.3","13"
"2858","AO3622-006","0","0"
"2859","AT7967-104","0","0"
"2860","343881-412","4.3","12"
"2861","AQ4312-107","4.6","23"
"2862","CD0188-101","0","0"
"2863","AA7406-006","3","6"
"2864","CD0917-300","3.2","5"
"2865","CI2666-400","3.7","11"
"2866","AT5301-003","5","2"
"2867","CD2153-001","5","1"
"2868","AT7324-001","5","1"
"2869","CJ0710-004","0","0"
"2870","CK1069-001","0","0"
"2871","CT3509-001","0","0"
"2872","CD0191-009","0","0"
"2873","AT3378-471","4.2","5"
"2874","CD6105-007","0","0"
"2875","CD4373-001","4.7","3"
"2876","CD4173-606","0","0"
"2877","AV1201-600","5","3"
"2878","AV6337-003","4.5","4"
"2879","CN6928-300","4","4"
"2880","CD4372-004","4.2","29"
"2881","AT5292-606","2","1"
"2882","AQ2456-007","5","3"
"2883","CJ0217-001","0","0"
"2884","315122-001","4.5","78"
"2885","CK0980-002","0","0"
"2886","AR4225-003","4.2","6"
"2887","CT3890-101","0","0"
"2888","AT7999-414","0","0"
"2889","CD4161-606","5","1"
"2890","CD2189-002","4.5","2"
"2891","CD6615-100","5","1"
"2892","AO2605-600","0","0"
"2893","864348-019","5","2"
"2894","BQ5808-100","0","0"
"2895","CN5501-046","0","0"
"2896","BQ5102-400","4.5","2"
"2897","CJ0588-001","0","0"
"2898","BV7774-100","0","0"
"2899","CI1694-300","5","1"
"2900","631261-035","3","5"
"2901","BQ4630-500","4.4","10"
"2902","AT6099-606","5","1"
"2903","AT5269-606","0","0"
"2904","CN7664-800","5","1"
"2905","CD4962-001","5","1"
"2906","AO4568-600","4.7","45"
"2908","CJ0266-001","0","0"
"2909","AA1636-406","3.6","10"
"2910","BQ5190-101","5","1"
"2911","CT2692-002","4.6","14"
"2912","AO0577-717","0","0"
"2913","CU3005-171","0","0"
"2914","AA8018-101","4.3","10"
"2915","AV6243-400","4.5","2"
"2916","CT2535-001","0","0"
"2917","BQ5430-401","0","0"
"2918","AQ0927-100","0","0"
"2919","AQ4126-100","4.5","2"
"2920","918194-003","2.5","6"
"2921","AO0578-717","0","0"
"2922","CK0986-002","0","0"
"2923","BQ5469-703","5","1"
"2924","CT5063-100","0","0"
"2925","488161-602","3.8","5"
"2926","528895-003","4.4","25"
"2927","CD4570-300","5","3"
"2928","BQ3203-007","3.7","18"
"2929","CU3013-070","0","0"
"2930","CD6720-808","0","0"
"2931","CJ5472-900","5","1"
"2932","315123-111","4.5","13"
"2933","849559-004","2.9","71"
"2934","AO3095-100","5","2"
"2935","AR8836-009","0","0"
"2936","CT5062-100","0","0"
"2937","CN2408-001","4","3"
"2938","414571-030","3.9","34"
"2939","CJ2586-100","4.4","9"
"2940","BQ5240-200","4.8","4"
"2941","CI1504-100","0","0"
"2942","CK2630-700","4.1","18"
"2943","CD5029-001","5","1"
"2944","CD0189-001","0","0"
"2945","CK1195-101","5","1"
"2946","CJ1292-401","0","0"
"2947","BQ8928-011","4.1","72"
"2948","BV5841-800","4","1"
"2949","CD4387-100","5","1"
"2950","BV1712-001","0","0"
"2951","BV7106-400","4.7","3"
"2952","AQ2210-002","4.4","19"
"2953","AQ2222-200","5","6"
"2954","BQ4430-400","5","4"
"2955","CD2717-001","4.3","3"
"2957","CN2932-100","4.6","8"
"2958","CI9994-001","0","0"
"2959","CN6916-100","4","6"
"2960","CU2708-901","0","0"
"2961","BQ6044-100","3.9","10"
"2962","CD4365-003","4.3","3"
"2963","749571-154","4.2","5"
"2964","CI3835-002","5","1"
"2965","CJ1306-401","0","0"
"2966","CW6565-900","0","0"
"2967","AO1742-004","5","4"
"2968","AT6109-606","0","0"
"2969","CD4172-606","0","0"
"2970","AR4561-200","4.2","42"
"2971","CD0132-001","0","0"
"2972","BV1357-003","3","5"
"2973","AT3381-008","2.4","5"
"2974","AT7978-414","5","1"
"2975","CJ6106-100","5","1"
"2976","CK0089-100","0","0"
"2977","CT7695-401","4.8","4"
"2978","AO3258-080","4","5"
"2979","BQ0129-106","3.5","2"
"2980","AQ0114-101","4.8","6"
"2981","AO1023-005","4.4","10"
"2982","CW4409-100","5","1"
"2983","BQ1896-002","4.1","11"
"2984","AO3116-004","3.4","7"
"2985","CI3870-100","0","0"
"2986","CI2668-004","4.7","17"
"2987","487471-003","4.2","12"
"2988","CT2584-100","0","0"
"2989","AQ5708-201","4.1","13"
"2990","AR5676-401","4.2","9"
"2991","AT6110-004","2","1"
"2992","AQ7491-008","2.9","8"
"2993","CI1291-400","5","3"
"2994","CN5455-160","4.5","2"
"2995","CD5036-100","5","1"
"2996","CQ6278-001","0","0"
"2997","CU3459-200","5","1"
"2998","BQ3610-100","0","0"
"2999","AT5303-100","2.7","3"
"3000","CK2531-001","5","5"
"3001","BQ3611-100","5","1"
"3002","CV5515-001","0","0"
"3003","AQ7487-201","3.8","6"
"3004","AQ1289-003","3.9","25"
"3005","881105-800","5","2"
"3007","CT7698-600","5","2"
"3008","BQ9665-301","4.4","5"
"3009","BV7766-100","2.7","3"
"3010","832655-001","0","0"
"3011","CK2719-400","2.2","5"
"3012","554724-050","0","0"
"3013","AO3189-600","3.5","6"
"3014","AQ2731-500","4.4","26"
"3015","AH1016-602","3.4","26"
"3016","AJ6844-007","0","0"
"3017","CN3591-002","5","1"
"3018","CI1214-004","1","1"
"3019","343880-090","4.1","33"
"3020","CQ7731-900","4.6","5"
"3021","CD4366-002","4.8","4"
"3022","CI5646-200","4.8","5"
"3023","CD4573-001","5","2"
"3024","BQ5613-001","0","0"
"3025","AT8241-002","4.8","12"
"3026","BQ4631-100","0","0"
"3027","AQ2567-002","5","1"
"3028","844127-108","5","1"
"3029","AT7993-414","0","0"
"3030","CK3309-001","4.5","2"
"3031","749747-010","1.5","2"
"3032","634835-108","4.5","63"
"3033","366731-100","3.8","4"
"3034","CD3398-063","0","0"
"3035","CT5064-001","0","0"
"3036","BQ4424-700","5","1"
"3037","AV4417-002","4.5","6"
"3038","AO0571-606","5","1"
"3039","AT6174-004","4.2","30"
"3040","AR7718-001","3.4","5"
"3041","AQ7488-004","0","0"
"3042","AV4126-002","3","2"
"3044","CU0675-300","5","1"
"3045","618919-031","4.1","8"
"3046","BQ8927-102","4.2","45"
"3047","921826-016","4.3","17"
"3048","CK3314-400","5","1"
"3049","BQ3378-002","3","1"
"3050","BV7754-001","0","0"
"3051","BV0415-300","4.9","17"
"3052","AR5149-005","0","0"
"3053","CQ7619-700","0","0"
"3054","AQ4174-049","4.3","8"
"3055","AJ1285-101","4","9"
"3056","AV6259-500","5","5"
"3057","AT5292-004","2","1"
"3058","812654-011","4.2","25"
"3059","CT5543-300","4","1"
"3060","CU9174-600","5","1"
"3061","CJ0509-001","0","0"
"3062","CK3312-001","0","0"
"3063","CT0624-100","0","0"
"3064","CJ9712-001","4.5","4"
"3065","CT1549-001","0","0"
"3066","CD0683-600","3","1"
"3067","BQ3212-600","4.5","6"
"3068","807471-101","4.5","34"
"3069","AT6175-100","4.6","16"
"3070","AH6789-023","3.9","63"
"3071","AT7996-414","0","0"
"3072","922474-001","3.8","15"
"3073","CI3898-200","5","3"
"3074","CJ0882-001","0","0"
"3075","BQ5467-101","4","2"
"3076","AO3267-080","0","0"
"3077","AQ7492-010","4.3","12"
"3078","CJ0220-400","5","2"
"3079","CQ6566-700","4.7","3"
"3080","AJ4115-060","3.6","20"
"3081","AQ1316-500","4.2","13"
"3082","BV5740-101","0","0"
"3083","CJ9681-001","0","0"
"3085","CD0431-107","4.7","3"
"3086","AV4052-116","5","1"
"3087","CK4122-100","0","0"
"3088","AQ7483-001","4.5","2"
"3089","CD8526-446","3","7"
"3090","CJ1292-703","0","0"
"3091","CI1396-004","5","1"
"3092","807471-103","4.5","34"
"3093","CJ1794-600","5","2"
"3094","CK6360-001","4.8","5"
"3095","CQ6549-001","5","1"
"3096","AR5339-002","4.5","36"
"3097","CD2053-105","5","2"
"3098","CI7395-100","0","0"
"3099","AT5673-700","0","0"
"3100","BV7775-100","5","1"
"3101","CI7815-602","5","2"
"3102","CJ0818-146","0","0"
"3103","CI1289-100","0","0"
"3104","CD7287-003","0","0"
"3105","AO2607-401","4","19"
"3106","AO3424-001","1","1"
"3107","BQ5972-001","0","0"
"3108","313358-006","4.8","4"
"3109","CI1290-100","5","2"
"3110","BV6484-002","0","0"
"3111","885118-001","4.6","12"
"3112","BV7099-400","4.5","2"
"3113","BV3387-400","0","0"
"3114","849560-001","3.5","18"
"3115","AA7408-008","3.2","15"
"3116","BQ9138-601","5","1"
"3117","AV5187-602","5","1"
"3118","AA0287-002","3.6","5"
"3119","BV7756-001","5","1"
"3120","AR6632-603","3.5","11"
"3121","AA1640-002","4.3","14"
"3122","AA8027-109","4","3"
"3123","AR4225-100","4.2","6"
"3124","CD6964-002","4","1"
"3125","CN7383-300","0","0"
"3126","CI7388-600","5","1"
"3127","BV7782-001","0","0"
"3128","CK2630-001","4.1","18"
"3129","CN6867-001","0","0"
"3130","BQ7978-001","0","0"
"3131","844896-002","0","0"
"3132","BQ6046-010","3.7","3"
"3133","CT5770-300","5","1"
"3134","CU3004-176","0","0"
"3135","CI3899-200","4.3","6"
"3136","BV0389-001","0","0"
"3137","CQ0989-002","4","1"
"3138","CI7379-400","0","0"
"3139","CN6881-300","0","0"
"3140","CI3869-500","0","0"
"3141","AV9370-001","5","2"
"3142","BV1134-001","4","5"
"3143","CT1531-001","0","0"
"3144","AR7410-603","4.8","20"
"3145","BQ5435-401","0","0"
"3146","812655-011","4","53"
"3147","325213-139","3.6","5"
"3148","AO9820-001","4.1","8"
"3149","AA1626-602","2.7","19"
"3150","AQ8228-102","3.7","10"
"3151","AH7858-010","2.8","11"
"3152","CI1246-302","3.7","3"
"3153","AO7353-105","4.5","2"
"3154","CI3709-001","4","1"
"3155","AA8022-107","3.8","4"
"3156","CK3321-100","0","0"
"3157","AO3108-018","4","13"
"3158","CQ2503-900","4.3","3"
"3159","AR9293-603","4.9","18"
"3160","BV0614-005","3","4"
"3161","CQ7620-001","0","0"
"3162","BV1021-007","4.7","10"
"3163","CJ0842-600","0","0"
"3164","AV9373-002","0","0"
"3165","807443-503","3.7","3"
"3166","AO3166-300","5","3"
"3167","CI3446-001","5","1"
"3168","AR4347-600","1","1"
"3169","CI3867-001","0","0"
"3170","CQ0278-200","0","0"
"3171","AT7968-606","0","0"
"3172","BV7757-500","5","1"
"3173","CD2722-001","3.3","3"
"3174","AT6100-606","0","0"
"3175","CT9155-063","3","1"
"3176","CI1236-100","5","1"
"3177","AH6799-300","4","4"
"3178","CJ9585-600","0","0"